date,timestamp,action,ticker,shares,price,value,ndx_price,sma50,sma250,rsi,reason
2010-03-02,2010-03-02T15:50:00,BUY,TQQQ,43208.5631,0.23,10000.52,1851.21,1824.53,1597.06,61.13,"Bull trend confirmed: Price > SMA50 & SMA250, RSI 61.1"
2010-03-18,2010-03-18T15:50:00,TRIM,TQQQ,30245.9942,0.27,8110.8,1943.94,1837.54,1633.85,76.1,Overbought: RSI 76.1 >= 75 — trimmed until RSI dips and re-crosses above 60
2010-04-29,2010-04-29T15:50:00,BUY,TQQQ,26181.6994,0.31,8112.17,2042.89,1942.12,1712.74,63.91,"Bull trend confirmed: Price > SMA50 & SMA250, RSI 63.9"
2010-05-06,2010-05-06T15:50:00,SELL,TQQQ,39144.2684,0.25,9608.21,1893.75,1957.77,1723.92,34.05,Exit: NDX 1893.8 below SMA50 exit level (1910.4)
2010-07-07,2010-07-07T15:50:00,BUY,SQQQ,0.0012,7886675.5,9610.36,1789.72,1870.74,1792.82,43.69,"Bear signal: below both SMAs, RSI 43.7 in [35-55]"
2010-07-08,2010-07-08T15:50:00,SELL,SQQQ,0.0012,7768818.5,9466.74,1798.31,1866.58,1794.34,45.31,Exit: NDX 1798.3 below SMA50 exit level (1826.2)
2010-07-26,2010-07-26T15:50:00,BUY,TQQQ,41001.5322,0.23,9467.42,1890.4,1837.44,1808.68,59.7,"Bull trend confirmed: Price > SMA50 & SMA250, RSI 59.7"
2010-08-13,2010-08-13T15:50:00,SELL,TQQQ,41001.5322,0.21,8422.01,1818.8,1844.35,1823.76,40.79,"Bear signal: below both SMAs, RSI 40.8 in [35-55]"
2010-08-13,2010-08-13T15:50:00,BUY,SQQQ,0.0012,7308222.0,8422.01,1818.8,1844.35,1823.76,40.79,"Bear signal: below both SMAs, RSI 40.8 in [35-55]"
2010-08-17,2010-08-17T15:50:00,SELL,SQQQ,0.0012,6972696.5,8035.35,1845.37,1845.08,1825.7,47.25,Re-entry buffer: NDX 1845.4 above SMA50 (1845.1) but below entry level (1876.7)
2010-08-19,2010-08-19T15:50:00,BUY,SQQQ,0.0011,7192773.5,8035.41,1823.0,1847.07,1827.38,42.91,"Bear signal: below both SMAs, RSI 42.9 in [35-55]"
2010-08-24,2010-08-24T15:50:00,SELL,SQQQ,0.0011,7812113.5,8727.31,1775.27,1844.8,1829.37,34.84,"Bear trend, RSI 34.8 outside SQQQ zone — holding cash"
2010-08-25,2010-08-25T15:50:00,BUY,SQQQ,0.0011,7601656.0,8727.35,1790.88,1842.67,1829.97,39.02,"Bear signal: below both SMAs, RSI 39.0 in [35-55]"
2010-09-02,2010-09-02T15:50:00,SELL,SQQQ,0.0011,6960670.5,7991.44,1840.58,1830.28,1834.21,53.11,Re-entry buffer: NDX 1840.6 above SMA50 (1830.3) but below entry level (1865.0)
2010-09-03,2010-09-03T15:50:00,BUY,TQQQ,35955.9125,0.22,7991.47,1870.31,1830.79,1835.07,57.97,"Bull trend confirmed: Price > SMA50 & SMA250, RSI 58.0"
2010-09-24,2010-09-24T15:50:00,TRIM,TQQQ,25169.1388,0.28,7008.71,2023.84,1871.24,1848.08,76.55,Overbought: RSI 76.5 >= 75 — trimmed until RSI dips and re-crosses above 60
2010-10-05,2010-10-05T15:50:00,BUY,TQQQ,25103.4145,0.28,7009.0,2024.63,1893.59,1856.76,68.13,"Bull trend confirmed: Price > SMA50 & SMA250, RSI 68.1"
2010-10-15,2010-10-15T15:50:00,TRIM,TQQQ,25123.1317,0.31,7804.66,2097.73,1918.24,1866.42,75.84,Overbought: RSI 75.8 >= 75 — trimmed until RSI dips and re-crosses above 60
2010-12-02,2010-12-02T15:50:00,BUY,TQQQ,22384.1428,0.35,7805.98,2185.3,2097.75,1916.76,60.54,"Bull trend confirmed: Price > SMA50 & SMA250, RSI 60.5"
2010-12-03,2010-12-03T15:50:00,TRIM,TQQQ,16575.5996,0.35,5828.71,2191.17,2101.93,1918.39,61.43,Bearish RSI divergence — trimming to 50%
2011-01-07,2011-01-07T15:50:00,BUY,TQQQ,14819.9669,0.39,5829.4,2276.7,2187.04,1955.37,71.79,"Bull trend confirmed: Price > SMA50 & SMA250, RSI 71.8"
2011-01-12,2011-01-12T15:50:00,TRIM,TQQQ,21976.8966,0.41,8960.04,2304.88,2196.95,1960.33,77.28,Overbought: RSI 77.3 >= 75 — trimmed until RSI dips and re-crosses above 60
2011-01-24,2011-01-24T15:50:00,BUY,TQQQ,22129.5144,0.4,8960.47,2300.39,2214.5,1973.46,61.45,"Bull trend confirmed: Price > SMA50 & SMA250, RSI 61.5"
2011-02-15,2011-02-15T15:50:00,TRIM,TQQQ,15774.0922,0.45,7085.47,2381.92,2276.57,2009.57,68.99,Bearish RSI divergence — trimming to 50%
2011-03-15,2011-03-15T15:50:00,SELL,TQQQ,15774.0922,0.38,5996.98,2259.62,2320.71,2044.27,37.84,Exit: NDX 2259.6 below SMA50 exit level (2280.6)
2011-04-20,2011-04-20T15:50:00,BUY,TQQQ,30537.1499,0.43,13083.82,2357.76,2321.2,2076.71,60.66,"Bull trend confirmed: Price > SMA50 & SMA250, RSI 60.7"
2011-05-24,2011-05-24T15:50:00,SELL,TQQQ,30537.1499,0.4,12176.96,2303.55,2336.51,2119.25,37.3,Exit: NDX 2303.6 below SMA50 exit level (2306.0)
2011-07-01,2011-07-01T15:50:00,BUY,TQQQ,28642.7983,0.43,12177.33,2361.39,2320.29,2166.62,63.38,"Bull trend confirmed: Price > SMA50 & SMA250, RSI 63.4"
2011-08-04,2011-08-04T15:50:00,SELL,TQQQ,28642.7983,0.34,9819.42,2207.2,2314.26,2212.97,32.31,"Bear trend, RSI 32.3 outside SQQQ zone — holding cash"
2011-08-09,2011-08-09T15:50:00,BUY,SQQQ,0.0028,3462296.0,9819.45,2160.79,2303.11,2216.32,36.64,"Bear signal: below both SMAs, RSI 36.6 in [35-55]"
2011-08-10,2011-08-10T15:50:00,SELL,SQQQ,0.0028,3850737.0,10921.11,2073.09,2297.12,2217.34,31.35,"Bear trend, RSI 31.3 outside SQQQ zone — holding cash"
2011-08-11,2011-08-11T15:50:00,BUY,SQQQ,0.0032,3362480.25,10921.11,2167.07,2294.01,2218.72,41.15,"Bear signal: below both SMAs, RSI 41.2 in [35-55]"
2011-08-19,2011-08-19T15:50:00,SELL,SQQQ,0.0032,3943337.75,12807.7,2038.22,2278.24,2226.54,33.6,"Bear trend, RSI 33.6 outside SQQQ zone — holding cash"
2011-08-23,2011-08-23T15:50:00,BUY,SQQQ,0.0037,3427421.25,12807.7,2129.27,2272.85,2229.0,43.24,"Bear signal: below both SMAs, RSI 43.2 in [35-55]"
2011-08-30,2011-08-30T15:50:00,SELL,SQQQ,0.0037,2915111.25,10893.29,2237.69,2269.26,2236.54,53.53,Exit: NDX 2237.7 below SMA50 exit level (2204.3)
2011-09-01,2011-09-01T15:50:00,BUY,SQQQ,0.0037,2976444.0,10893.29,2219.05,2268.71,2239.47,51.6,"Bear signal: below both SMAs, RSI 51.6 in [35-55]"
2011-09-14,2011-09-14T15:50:00,SELL,SQQQ,0.0037,2809282.0,10281.51,2252.75,2253.51,2248.47,55.37,Exit: NDX 2252.8 below SMA50 exit level (2198.2)
2011-09-16,2011-09-16T15:50:00,BUY,TQQQ,27888.3722,0.37,10281.51,2306.09,2249.53,2250.93,60.13,"Bull trend confirmed: Price > SMA50 & SMA250, RSI 60.1"
2011-09-22,2011-09-22T15:50:00,SELL,TQQQ,27888.3722,0.31,8706.43,2184.59,2241.2,2255.12,45.21,"Bear signal: below both SMAs, RSI 45.2 in [35-55]"
2011-09-22,2011-09-22T15:50:00,BUY,SQQQ,0.0029,3041385.25,8706.43,2184.59,2241.2,2255.12,45.21,"Bear signal: below both SMAs, RSI 45.2 in [35-55]"
2011-09-27,2011-09-27T15:50:00,SELL,SQQQ,0.0029,2759975.5,7900.85,2253.55,2234.58,2257.82,53.07,Re-entry buffer below SMA250: NDX 2253.6 <= entry level (2289.4)
2011-09-28,2011-09-28T15:50:00,BUY,SQQQ,0.0027,2882641.0,7900.85,2220.84,2231.03,2258.72,49.18,"Bear signal: below both SMAs, RSI 49.2 in [35-55]"
2011-10-06,2011-10-06T15:50:00,SELL,SQQQ,0.0027,2845360.5,7798.67,2217.99,2201.22,2262.24,51.52,Re-entry buffer below SMA250: NDX 2218.0 <= entry level (2269.5)
2011-10-10,2011-10-10T15:50:00,BUY,TQQQ,22320.494,0.35,7798.67,2278.65,2196.16,2263.77,57.07,"Bull trend confirmed: Price > SMA50 & SMA250, RSI 57.1"
2011-11-11,2011-11-11T15:50:00,TRIM,TQQQ,11160.247,0.38,4223.04,2355.78,2277.21,2284.36,53.56,Bearish RSI divergence — trimming to 50%
2011-11-17,2011-11-17T15:50:00,SELL,TQQQ,11160.247,0.34,3793.46,2272.09,2287.82,2287.49,44.19,"Bear signal: below both SMAs, RSI 44.2 in [35-55]"
2011-11-17,2011-11-17T15:50:00,BUY,SQQQ,0.0032,2489390.0,8016.5,2272.09,2287.82,2287.49,44.19,"Bear signal: below both SMAs, RSI 44.2 in [35-55]"
2011-11-25,2011-11-25T15:50:00,SELL,SQQQ,0.0032,2916313.75,9391.31,2150.88,2285.49,2288.71,33.89,"Bear trend, RSI 33.9 outside SQQQ zone — holding cash"
2011-11-28,2011-11-28T15:50:00,BUY,SQQQ,0.0036,2609649.5,9391.32,2224.22,2283.85,2288.96,43.83,"Bear signal: below both SMAs, RSI 43.8 in [35-55]"
2011-11-30,2011-11-30T15:50:00,SELL,SQQQ,0.0036,2373939.5,8543.07,2295.2,2281.89,2289.48,51.94,Re-entry buffer: NDX 2295.2 above SMA50 (2281.9) but below entry level (2330.5)
2011-12-08,2011-12-08T15:50:00,BUY,SQQQ,0.0036,2389573.75,8543.09,2282.59,2291.98,2292.11,49.22,"Bear signal: below both SMAs, RSI 49.2 in [35-55]"
2011-12-09,2011-12-09T15:50:00,SELL,SQQQ,0.0036,2276529.0,8138.94,2318.68,2294.4,2292.54,53.62,Re-entry buffer: NDX 2318.7 above SMA50 (2294.4) but below entry level (2338.6)
2011-12-12,2011-12-12T15:50:00,BUY,SQQQ,0.0035,2347482.5,8138.94,2292.24,2297.46,2292.9,50.19,"Bear signal: below both SMAs, RSI 50.2 in [35-55]"
2012-01-03,2012-01-03T15:50:00,SELL,SQQQ,0.0035,2235640.25,7751.18,2321.96,2297.31,2294.67,56.47,Re-entry buffer: NDX 2322.0 above SMA50 (2297.3) but below entry level (2334.8)
2012-01-05,2012-01-05T15:50:00,BUY,TQQQ,21053.1313,0.37,7751.18,2348.98,2296.47,2295.17,59.86,"Bull trend confirmed: Price > SMA50 & SMA250, RSI 59.9"
2012-02-03,2012-02-03T15:50:00,TRIM,TQQQ,14737.1919,0.46,6759.9,2529.17,2334.54,2304.96,78.55,Overbought: RSI 78.6 >= 75 — trimmed until RSI dips and re-crosses above 60
2012-03-07,2012-03-07T15:50:00,BUY,TQQQ,13434.3402,0.5,6760.38,2607.85,2478.67,2325.83,61.1,"Bull trend confirmed: Price > SMA50 & SMA250, RSI 61.1"
2012-03-09,2012-03-09T15:50:00,TRIM,TQQQ,9875.1398,0.53,5188.91,2646.85,2492.73,2328.61,67.47,Bearish RSI divergence — trimming to 50%
2012-03-14,2012-03-14T15:50:00,TRIM,TQQQ,4143.5031,0.56,2329.33,2708.41,2517.19,2334.07,75.37,Overbought: RSI 75.4 >= 75 — trimmed until RSI dips and re-crosses above 60
2012-05-04,2012-05-04T15:50:00,SELL,TQQQ,5731.6367,0.51,2947.13,2637.92,2699.42,2389.71,39.9,Exit: NDX 2637.9 below SMA50 exit level (2657.7)
2012-07-03,2012-07-03T15:50:00,BUY,TQQQ,20527.1709,0.51,10467.56,2645.84,2586.32,2431.77,59.39,"Bull trend confirmed: Price > SMA50 & SMA250, RSI 59.4"
2012-09-18,2012-09-18T15:50:00,TRIM,TQQQ,10263.5854,0.64,6561.49,2857.38,2710.75,2528.04,69.28,Bearish RSI divergence — trimming to 50%
2012-10-09,2012-10-09T15:50:00,SELL,TQQQ,10263.5854,0.56,5766.29,2741.92,2776.44,2564.38,38.41,Exit: NDX 2741.9 below SMA50 exit level (2742.6)
2012-11-19,2012-11-19T15:50:00,BUY,SQQQ,0.0092,1340903.12,12329.42,2595.83,2729.61,2598.16,42.35,"Bear signal: below both SMAs, RSI 42.4 in [35-55]"
2012-11-23,2012-11-23T15:50:00,SELL,SQQQ,0.0092,1270851.38,11685.3,2639.59,2718.33,2603.12,50.52,Exit: NDX 2639.6 below SMA50 exit level (2678.7)
2012-12-18,2012-12-18T15:50:00,BUY,TQQQ,21736.7841,0.54,11685.86,2705.39,2661.84,2629.96,59.09,"Bull trend confirmed: Price > SMA50 & SMA250, RSI 59.1"
2012-12-26,2012-12-26T15:50:00,SELL,TQQQ,21736.7841,0.5,10811.57,2637.18,2652.96,2637.82,45.67,"Bear signal: below both SMAs, RSI 45.7 in [35-55]"
2012-12-26,2012-12-26T15:50:00,BUY,SQQQ,0.0086,1260929.88,10811.57,2637.18,2652.96,2637.82,45.67,"Bear signal: below both SMAs, RSI 45.7 in [35-55]"
2012-12-31,2012-12-31T15:50:00,SELL,SQQQ,0.0086,1219139.5,10453.25,2660.93,2646.19,2642.1,51.26,Re-entry buffer: NDX 2660.9 above SMA50 (2646.2) but below entry level (2683.0)
2013-01-02,2013-01-02T15:50:00,BUY,TQQQ,18688.3053,0.56,10453.28,2746.47,2645.61,2643.8,62.75,"Bull trend confirmed: Price > SMA50 & SMA250, RSI 62.8"
2013-02-22,2013-02-22T15:50:00,TRIM,TQQQ,9344.1527,0.55,5175.85,2737.28,2721.0,2681.46,48.84,Bearish RSI divergence — trimming to 50%
2013-03-11,2013-03-11T15:50:00,BUY,TQQQ,8625.8724,0.6,5176.08,2811.86,2742.11,2687.7,62.87,"Bull trend confirmed: Price > SMA50 & SMA250, RSI 62.9"
2013-04-09,2013-04-09T15:50:00,TRIM,TQQQ,8985.0125,0.59,5339.2,2804.67,2772.97,2692.3,53.93,Bearish RSI divergence — trimming to 50%
2013-04-10,2013-04-10T15:50:00,BUY,TQQQ,8488.1299,0.63,5339.21,2859.21,2775.31,2692.96,63.78,"Bull trend confirmed: Price > SMA50 & SMA250, RSI 63.8"
2013-04-18,2013-04-18T15:50:00,SELL,TQQQ,17473.1424,0.55,9659.61,2741.95,2783.85,2695.43,40.99,Exit: NDX 2741.9 below SMA50 exit level (2743.9)
2013-04-23,2013-04-23T15:50:00,BUY,TQQQ,15811.2867,0.61,9659.67,2835.37,2787.0,2697.07,55.14,"Bull trend confirmed: Price > SMA50 & SMA250, RSI 55.1"
2013-05-17,2013-05-17T15:50:00,TRIM,TQQQ,11067.9007,0.75,8253.7,3028.96,2851.46,2717.58,75.16,Overbought: RSI 75.2 >= 75 — trimmed until RSI dips and re-crosses above 60
2013-06-21,2013-06-21T15:50:00,SELL,TQQQ,4743.386,0.64,3018.37,2877.94,2932.54,2759.18,38.63,Exit: NDX 2877.9 below SMA50 exit level (2889.5)
2013-07-10,2013-07-10T15:50:00,BUY,TQQQ,15625.4919,0.72,11272.57,3000.66,2958.65,2775.27,61.55,"Bull trend confirmed: Price > SMA50 & SMA250, RSI 61.5"
2013-07-11,2013-07-11T15:50:00,TRIM,TQQQ,7812.7459,0.77,5987.59,3059.46,2962.09,2777.23,69.01,Bearish RSI divergence — trimming to 50%
2013-07-18,2013-07-18T15:50:00,BUY,TQQQ,7704.4961,0.78,5987.62,3077.82,2977.33,2787.13,69.17,"Bull trend confirmed: Price > SMA50 & SMA250, RSI 69.2"
2013-09-09,2013-09-09T15:50:00,TRIM,TQQQ,7758.621,0.85,6584.04,3169.93,3072.12,2842.46,64.58,Bearish RSI divergence — trimming to 50%
2013-10-01,2013-10-01T15:50:00,BUY,TQQQ,7180.0325,0.92,6584.07,3253.05,3135.58,2867.09,67.98,"Bull trend confirmed: Price > SMA50 & SMA250, RSI 68.0"
2013-10-17,2013-10-17T15:50:00,TRIM,TQQQ,7469.3268,0.95,7107.7,3301.28,3168.4,2889.09,64.57,Bearish RSI divergence — trimming to 50%
2013-11-14,2013-11-14T15:50:00,BUY,TQQQ,6744.587,1.05,7107.91,3415.14,3277.9,2948.59,65.63,"Bull trend confirmed: Price > SMA50 & SMA250, RSI 65.6"
2013-11-26,2013-11-26T15:50:00,TRIM,TQQQ,7106.9569,1.09,7723.68,3445.76,3315.37,2973.34,65.89,Bearish RSI divergence — trimming to 50%
2013-11-29,2013-11-29T15:50:00,BUY,TQQQ,6855.1534,1.13,7723.72,3487.82,3325.15,2979.77,71.2,"Bull trend confirmed: Price > SMA50 & SMA250, RSI 71.2"
2014-01-29,2014-01-29T15:50:00,SELL,TQQQ,13962.1103,1.1,15340.67,3467.82,3513.27,3113.66,38.18,Exit: NDX 3467.8 below SMA50 exit level (3471.1)
2014-02-10,2014-02-10T15:50:00,BUY,TQQQ,6358.8759,1.21,7670.44,3582.11,3529.4,3137.74,56.48,Bearish RSI divergence — trimming to 50%
2014-02-28,2014-02-28T15:50:00,BUY,TQQQ,5787.1794,1.33,7670.55,3696.1,3577.43,3185.72,64.14,"Bull trend confirmed: Price > SMA50 & SMA250, RSI 64.1"
2014-03-18,2014-03-18T15:50:00,TRIM,TQQQ,6073.0276,1.33,8093.85,3706.62,3611.81,3228.5,57.52,Bearish RSI divergence — trimming to 50%
2014-03-27,2014-03-27T15:50:00,SELL,TQQQ,6073.0276,1.18,7185.19,3563.13,3623.0,3251.8,37.68,Exit: NDX 3563.1 below SMA50 exit level (3569.5)
2014-05-21,2014-05-21T15:50:00,BUY,TQQQ,12268.9149,1.25,15279.6,3635.61,3587.93,3355.05,57.72,"Bull trend confirmed: Price > SMA50 & SMA250, RSI 57.7"
2014-07-01,2014-07-01T15:50:00,TRIM,TQQQ,8588.2405,1.53,13121.89,3894.33,3690.86,3447.96,79.92,Overbought: RSI 79.9 >= 75 — trimmed until RSI dips and re-crosses above 60
2014-07-18,2014-07-18T15:50:00,BUY,TQQQ,8308.7848,1.58,13121.96,3939.89,3771.01,3489.54,63.93,"Bull trend confirmed: Price > SMA50 & SMA250, RSI 63.9"
2014-08-01,2014-08-01T15:50:00,TRIM,TQQQ,5994.7296,1.51,9026.56,3879.67,3842.76,3524.09,46.25,Bearish RSI divergence — trimming to 50%
2014-09-02,2014-09-02T15:50:00,BUY,TQQQ,5089.4652,1.77,9026.73,4095.81,3940.09,3598.73,74.16,"Bull trend confirmed: Price > SMA50 & SMA250, RSI 74.2"
2014-09-30,2014-09-30T15:50:00,TRIM,TQQQ,5542.0974,1.71,9477.84,4049.45,4014.69,3668.09,50.06,Bearish RSI divergence — trimming to 50%
2014-10-07,2014-10-07T15:50:00,SELL,TQQQ,5542.0974,1.59,8838.02,3958.59,4016.88,3684.11,39.72,Exit: NDX 3958.6 below SMA50 exit level (3965.7)
2014-10-28,2014-10-28T15:50:00,BUY,TQQQ,5201.1603,1.76,9158.0,4106.63,4017.1,3720.12,62.63,Bearish RSI divergence — trimming to 50%
2014-11-03,2014-11-03T15:50:00,BUY,TQQQ,4973.3521,1.84,9158.01,4169.28,4023.87,3732.07,66.43,"Bull trend confirmed: Price > SMA50 & SMA250, RSI 66.4"
2014-11-26,2014-11-26T15:50:00,TRIM,TQQQ,7122.1587,2.05,14618.51,4317.99,4072.36,3787.5,75.63,Overbought: RSI 75.6 >= 75 — trimmed until RSI dips and re-crosses above 60
2014-12-09,2014-12-09T15:50:00,BUY,TQQQ,7248.5383,2.02,14618.56,4294.67,4110.8,3813.56,62.31,"Bull trend confirmed: Price > SMA50 & SMA250, RSI 62.3"
2015-01-06,2015-01-06T15:50:00,SELL,TQQQ,10300.892,1.75,18052.9,4110.83,4219.68,3863.63,35.96,Exit: NDX 4110.8 below SMA50 exit level (4161.9)
2015-02-11,2015-02-11T15:50:00,BUY,TQQQ,9066.4424,1.99,18053.1,4297.28,4226.16,3928.4,58.73,"Bull trend confirmed: Price > SMA50 & SMA250, RSI 58.7"
2015-03-24,2015-03-24T15:50:00,TRIM,TQQQ,4533.2212,2.18,9871.75,4430.99,4318.6,4010.61,56.78,Bearish RSI divergence — trimming to 50%
2015-03-30,2015-03-30T15:50:00,BUY,TQQQ,4697.4116,2.1,9871.79,4382.82,4334.37,4022.5,51.15,"Bull trend confirmed: Price > SMA50 & SMA250, RSI 51.2"
2015-04-24,2015-04-24T15:50:00,TRIM,TQQQ,4615.3164,2.32,10710.44,4536.78,4400.46,4083.94,66.51,Bearish RSI divergence — trimming to 50%
2015-04-28,2015-04-28T15:50:00,BUY,TQQQ,4675.4785,2.29,10710.45,4515.27,4406.63,4091.47,62.96,"Bull trend confirmed: Price > SMA50 & SMA250, RSI 63.0"
2015-05-27,2015-05-27T15:50:00,TRIM,TQQQ,4645.3975,2.33,10841.78,4546.06,4430.7,4159.79,59.84,Bearish RSI divergence — trimming to 50%
2015-06-29,2015-06-29T15:50:00,SELL,TQQQ,4645.3975,2.08,9660.52,4379.87,4479.97,4223.71,36.83,Exit: NDX 4379.9 below SMA50 exit level (4431.7)
2015-07-16,2015-07-16T15:50:00,BUY,TQQQ,8606.0695,2.38,20502.44,4594.9,4474.58,4249.72,64.26,"Bull trend confirmed: Price > SMA50 & SMA250, RSI 64.3"
2015-08-20,2015-08-20T15:50:00,SELL,TQQQ,8606.0695,2.08,17864.75,4385.13,4516.58,4310.86,34.68,Exit: NDX 4385.1 below SMA50 exit level (4451.4)
2015-08-26,2015-08-26T15:50:00,BUY,SQQQ,0.0901,198279.3,17864.84,4219.6,4489.4,4311.63,37.6,"Bear signal: below both SMAs, RSI 37.6 in [35-55]"
2015-08-27,2015-08-27T15:50:00,SELL,SQQQ,0.0901,183096.44,16496.87,4324.82,4486.51,4312.6,44.65,Exit: NDX 4324.8 below SMA50 exit level (4363.9)
2015-08-31,2015-08-31T15:50:00,BUY,SQQQ,0.0868,190161.73,16496.9,4274.58,4477.68,4314.35,42.08,"Bear signal: below both SMAs, RSI 42.1 in [35-55]"
2015-09-11,2015-09-11T15:50:00,SELL,SQQQ,0.0868,179939.62,15610.11,4323.23,4441.15,4319.93,49.18,Exit: NDX 4323.2 below SMA50 exit level (4310.7)
2015-09-14,2015-09-14T15:50:00,BUY,SQQQ,0.0859,181743.5,15610.14,4308.76,4438.65,4320.89,48.33,"Bear signal: below both SMAs, RSI 48.3 in [35-55]"
2015-09-15,2015-09-15T15:50:00,SELL,SQQQ,0.0859,175054.03,15035.58,4360.28,4437.48,4322.04,51.55,Exit: NDX 4360.3 below SMA50 exit level (4342.3)
2015-09-18,2015-09-18T15:50:00,BUY,SQQQ,0.084,179037.62,15035.6,4323.86,4436.68,4325.35,48.71,"Bear signal: below both SMAs, RSI 48.7 in [35-55]"
2015-09-21,2015-09-21T15:50:00,SELL,SQQQ,0.084,177684.67,14921.98,4336.13,4435.0,4326.49,49.6,Exit: NDX 4336.1 below SMA50 exit level (4351.9)
2015-09-22,2015-09-22T15:50:00,BUY,SQQQ,0.0805,185426.44,14921.98,4274.1,4430.59,4327.21,45.31,"Bear signal: below both SMAs, RSI 45.3 in [35-55]"
2015-09-28,2015-09-28T15:50:00,SELL,SQQQ,0.0805,208726.91,16797.06,4103.47,4401.68,4330.03,34.52,"Bear trend, RSI 34.5 outside SQQQ zone — holding cash"
2015-09-30,2015-09-30T15:50:00,BUY,SQQQ,0.0851,197452.5,16797.07,4181.06,4379.89,4331.2,42.53,"Bear signal: below both SMAs, RSI 42.5 in [35-55]"
2015-10-08,2015-10-08T15:50:00,SELL,SQQQ,0.0851,173400.42,14750.98,4350.15,4346.65,4338.8,55.19,Re-entry buffer: NDX 4350.1 above SMA50 (4346.6) but below entry level (4433.7)
2015-10-15,2015-10-15T15:50:00,BUY,TQQQ,7240.5624,2.04,14751.0,4418.22,4325.31,4350.34,59.74,"Bull trend confirmed: Price > SMA50 & SMA250, RSI 59.7"
2015-11-25,2015-11-25T15:50:00,TRIM,TQQQ,3620.2812,2.4,8701.27,4672.88,4479.33,4403.62,59.76,Bearish RSI divergence — trimming to 50%
2015-12-02,2015-12-02T15:50:00,BUY,TQQQ,3590.861,2.42,8701.57,4686.22,4507.9,4409.73,58.68,"Bull trend confirmed: Price > SMA50 & SMA250, RSI 58.7"
2015-12-18,2015-12-18T15:50:00,SELL,TQQQ,7211.1422,2.15,15505.26,4514.83,4598.89,4428.33,41.53,Exit: NDX 4514.8 below SMA50 exit level (4516.6)
2016-01-14,2016-01-14T15:50:00,BUY,SQQQ,0.0907,170995.2,15507.36,4272.97,4585.05,4446.3,36.16,"Bear signal: below both SMAs, RSI 36.2 in [35-55]"
2016-01-15,2016-01-15T15:50:00,SELL,SQQQ,0.0907,186929.7,16952.44,4141.08,4573.49,4446.18,30.66,"Bear trend, RSI 30.7 outside SQQQ zone — holding cash"
2016-01-22,2016-01-22T15:50:00,BUY,SQQQ,0.0993,170769.72,16953.25,4259.77,4531.54,4444.86,41.64,"Bear signal: below both SMAs, RSI 41.6 in [35-55]"
2016-02-05,2016-02-05T15:50:00,SELL,SQQQ,0.0993,198128.95,19669.35,4024.47,4445.49,4444.43,33.8,"Bear trend, RSI 33.8 outside SQQQ zone — holding cash"
2016-02-12,2016-02-12T15:50:00,BUY,SQQQ,0.0992,198354.47,19670.39,4019.19,4374.55,4437.07,37.67,"Bear signal: below both SMAs, RSI 37.7 in [35-55]"
2016-03-01,2016-03-01T15:50:00,SELL,SQQQ,0.0992,154910.44,15362.13,4333.61,4278.4,4426.46,59.56,Re-entry buffer below SMA250: NDX 4333.6 <= entry level (4358.6)
2016-03-11,2016-03-11T15:50:00,BUY,TQQQ,2469.9428,1.87,4609.0,4361.83,4231.95,4424.78,60.4,"Recovery above SMA50 with RSI 60.4, but below SMA250 — cautious 30%"
2016-03-21,2016-03-21T15:50:00,BUY,TQQQ,5509.6975,1.95,10755.2,4426.98,4219.94,4424.05,65.31,"Bull trend confirmed: Price > SMA50 & SMA250, RSI 65.3"
2016-03-23,2016-03-23T15:50:00,TRIM,TQQQ,5585.7482,1.92,10739.08,4402.56,4225.66,4424.83,60.68,"Recovery above SMA50 with RSI 60.7, but below SMA250 — cautious 30%"
2016-03-29,2016-03-29T15:50:00,BUY,TQQQ,5352.0387,2.01,10739.53,4467.72,4235.29,4425.72,66.5,"Bull trend confirmed: Price > SMA50 & SMA250, RSI 66.5"
2016-04-27,2016-04-27T15:50:00,SELL,TQQQ,7745.9308,1.93,14944.29,4416.63,4394.1,4432.91,42.9,Recovery above SMA50 but RSI 42.9 < 50 — waiting
2016-04-28,2016-04-28T15:50:00,BUY,SQQQ,0.1003,149047.72,14944.38,4363.99,4397.39,4432.45,37.33,"Bear signal: below both SMAs, RSI 37.3 in [35-55]"
2016-05-04,2016-05-04T15:50:00,SELL,SQQQ,0.1003,154233.91,15464.38,4312.01,4410.73,4431.26,34.96,"Bear trend, RSI 35.0 outside SQQQ zone — holding cash"
2016-05-06,2016-05-06T15:50:00,BUY,SQQQ,0.1018,151979.05,15464.53,4330.17,4414.68,4430.23,38.24,"Bear signal: below both SMAs, RSI 38.2 in [35-55]"
2016-05-24,2016-05-24T15:50:00,SELL,SQQQ,0.1018,139201.38,14164.35,4444.3,4427.78,4423.52,57.02,Re-entry buffer: NDX 4444.3 above SMA50 (4427.8) but below entry level (4483.1)
2016-05-26,2016-05-26T15:50:00,BUY,TQQQ,6999.5919,2.02,14164.58,4487.96,4431.65,4423.26,60.96,"Bull trend confirmed: Price > SMA50 & SMA250, RSI 61.0"
2016-06-13,2016-06-13T15:50:00,SELL,TQQQ,6999.5919,1.94,13561.13,4422.76,4445.55,4424.79,45.33,"Bear signal: below both SMAs, RSI 45.3 in [35-55]"
2016-06-13,2016-06-13T15:50:00,BUY,SQQQ,0.0965,140479.16,13561.13,4422.76,4445.55,4424.79,45.33,"Bear signal: below both SMAs, RSI 45.3 in [35-55]"
2016-06-14,2016-06-14T15:50:00,SELL,SQQQ,0.0965,140404.0,13553.87,4424.91,4443.82,4424.62,45.68,Exit: NDX 4424.9 below SMA50 exit level (4408.5)
2016-06-15,2016-06-15T15:50:00,BUY,SQQQ,0.0957,141606.59,13553.97,4409.51,4442.59,4424.13,43.52,"Bear signal: below both SMAs, RSI 43.5 in [35-55]"
2016-06-16,2016-06-16T15:50:00,SELL,SQQQ,0.0957,140554.3,13453.25,4424.23,4440.2,4423.77,46.15,Exit: NDX 4424.2 below SMA50 exit level (4402.5)
2016-06-17,2016-06-17T15:50:00,BUY,SQQQ,0.0926,145214.41,13453.34,4374.38,4438.18,4423.09,39.45,"Bear signal: below both SMAs, RSI 39.4 in [35-55]"
2016-06-23,2016-06-23T15:50:00,SELL,SQQQ,0.0926,136345.17,12631.65,4467.48,4432.21,4421.55,54.59,Re-entry buffer: NDX 4467.5 above SMA50 (4432.2) but below entry level (4475.8)
2016-06-24,2016-06-24T15:50:00,BUY,SQQQ,0.0826,152956.19,12631.73,4285.7,4426.83,4421.17,35.3,"Bear signal: below both SMAs, RSI 35.3 in [35-55]"
2016-06-27,2016-06-27T15:50:00,SELL,SQQQ,0.0826,161900.53,13370.39,4201.05,4419.99,4420.39,29.98,Bear trend but RSI 30.0 oversold — not chasing short
2016-06-28,2016-06-28T15:50:00,BUY,SQQQ,0.0882,151603.28,13370.49,4290.47,4414.41,4419.83,40.22,"Bear signal: below both SMAs, RSI 40.2 in [35-55]"
2016-06-30,2016-06-30T15:50:00,SELL,SQQQ,0.0882,138750.42,12236.94,4417.7,4408.51,4419.55,51.45,Re-entry buffer below SMA250: NDX 4417.7 <= entry level (4478.5)
2016-07-08,2016-07-08T15:50:00,BUY,TQQQ,5969.2015,2.05,12237.61,4528.36,4406.95,4420.49,59.91,"Bull trend confirmed: Price > SMA50 & SMA250, RSI 59.9"
2016-07-11,2016-07-11T15:50:00,TRIM,TQQQ,2984.6008,2.09,6223.27,4554.71,4410.77,4420.61,61.73,Bearish RSI divergence — trimming to 50%
2016-07-18,2016-07-18T15:50:00,BUY,TQQQ,2859.7477,2.18,6223.62,4619.68,4436.04,4419.86,65.49,"Bull trend confirmed: Price > SMA50 & SMA250, RSI 65.5"
2016-08-29,2016-08-29T15:50:00,TRIM,TQQQ,2922.1742,2.43,7105.44,4791.09,4632.41,4455.64,60.56,Bearish RSI divergence — trimming to 50%
2016-11-01,2016-11-01T15:50:00,SELL,TQQQ,2922.1742,2.38,6941.92,4766.94,4821.95,4535.05,39.87,Exit: NDX 4766.9 below SMA50 exit level (4777.7)
2016-12-09,2016-12-09T15:50:00,BUY,TQQQ,5490.1851,2.56,14057.52,4895.9,4818.04,4551.44,59.48,"Bull trend confirmed: Price > SMA50 & SMA250, RSI 59.5"
2017-01-25,2017-01-25T15:50:00,TRIM,TQQQ,3843.1296,2.97,11414.07,5151.47,4916.42,4621.65,75.34,Overbought: RSI 75.3 >= 75 — trimmed until RSI dips and re-crosses above 60
2017-03-28,2017-03-28T15:50:00,BUY,TQQQ,840.1531,3.43,2884.99,5407.21,5272.89,4801.43,62.14,Bearish RSI divergence — trimming to 50%
2017-04-27,2017-04-27T15:50:00,BUY,TQQQ,2279.8037,3.75,8546.25,5571.28,5395.86,4881.05,74.66,"Bull trend confirmed: Price > SMA50 & SMA250, RSI 74.7"
2017-04-28,2017-04-28T15:50:00,TRIM,TQQQ,3336.9086,3.77,12580.25,5583.53,5401.48,4885.86,75.72,Overbought: RSI 75.7 >= 75 — trimmed until RSI dips and re-crosses above 60
2017-05-22,2017-05-22T15:50:00,BUY,TQQQ,3141.096,4.01,12587.37,5699.4,5499.63,4969.67,63.74,"Bull trend confirmed: Price > SMA50 & SMA250, RSI 63.7"
2017-06-02,2017-06-02T15:50:00,TRIM,TQQQ,3199.8397,4.4,14067.97,5881.46,5562.72,5010.46,77.5,Overbought: RSI 77.5 >= 75 — trimmed until RSI dips and re-crosses above 60
2017-07-03,2017-07-03T15:50:00,SELL,TQQQ,1371.3599,3.76,5152.17,5596.96,5706.88,5123.14,39.34,Exit: NDX 5597.0 below SMA50 exit level (5629.3)
2017-07-14,2017-07-14T15:50:00,BUY,TQQQ,4520.8936,4.26,19237.66,5838.08,5728.21,5160.04,60.39,"Bull trend confirmed: Price > SMA50 & SMA250, RSI 60.4"
2017-07-19,2017-07-19T15:50:00,TRIM,TQQQ,2260.4468,4.42,9995.18,5916.16,5742.3,5174.95,65.73,Bearish RSI divergence — trimming to 50%
2017-08-04,2017-08-04T15:50:00,BUY,TQQQ,2283.5862,4.38,9999.96,5899.91,5798.92,5232.09,57.88,"Bull trend confirmed: Price > SMA50 & SMA250, RSI 57.9"
2017-08-22,2017-08-22T15:50:00,TRIM,TQQQ,2272.0165,4.31,9803.73,5873.33,5810.61,5283.04,52.11,Bearish RSI divergence — trimming to 50%
2017-08-23,2017-08-23T15:50:00,BUY,TQQQ,2297.7688,4.27,9804.0,5851.78,5812.61,5287.34,49.88,"Bull trend confirmed: Price > SMA50 & SMA250, RSI 49.9"
2017-08-31,2017-08-31T15:50:00,TRIM,TQQQ,2284.8927,4.57,10433.99,5988.6,5830.38,5313.64,63.32,Bearish RSI divergence — trimming to 50%
2017-09-21,2017-09-21T15:50:00,BUY,TQQQ,2353.6876,4.44,10440.05,5934.91,5906.37,5379.01,50.26,"Bull trend confirmed: Price > SMA50 & SMA250, RSI 50.3"
2017-09-29,2017-09-29T15:50:00,TRIM,TQQQ,2319.2901,4.52,10479.17,5979.3,5913.22,5404.58,56.35,Bearish RSI divergence — trimming to 50%
2017-10-05,2017-10-05T15:50:00,BUY,TQQQ,2228.5878,4.7,10480.94,6057.14,5918.99,5422.81,64.87,"Bull trend confirmed: Price > SMA50 & SMA250, RSI 64.9"
2017-11-06,2017-11-06T15:50:00,TRIM,TQQQ,3183.5145,5.3,16879.28,6313.61,6035.23,5539.55,75.36,Overbought: RSI 75.4 >= 75 — trimmed until RSI dips and re-crosses above 60
2017-11-16,2017-11-16T15:50:00,BUY,TQQQ,3145.1535,5.37,16884.85,6339.14,6095.98,5588.66,67.36,"Bull trend confirmed: Price > SMA50 & SMA250, RSI 67.4"
2017-12-07,2017-12-07T15:50:00,TRIM,TQQQ,2254.7584,5.29,11933.53,6316.28,6204.54,5673.2,53.19,Bearish RSI divergence — trimming to 50%
2018-01-08,2018-01-08T15:50:00,BUY,TQQQ,1920.8196,6.22,11947.46,6676.63,6371.61,5795.75,74.66,"Bull trend confirmed: Price > SMA50 & SMA250, RSI 74.7"
2018-01-12,2018-01-12T15:50:00,TRIM,TQQQ,2922.9046,6.44,18817.33,6758.54,6413.22,5822.2,77.65,Overbought: RSI 77.6 >= 75 — trimmed until RSI dips and re-crosses above 60
2018-02-08,2018-02-08T15:50:00,SELL,TQQQ,1252.6734,5.14,6440.66,6306.1,6587.41,5942.17,32.49,Exit: NDX 6306.1 below SMA50 exit level (6449.0)
2018-02-15,2018-02-15T15:50:00,BUY,TQQQ,3945.0197,6.41,25285.26,6794.92,6612.6,5968.19,55.4,"Bull trend confirmed: Price > SMA50 & SMA250, RSI 55.4"
2018-02-21,2018-02-21T15:50:00,TRIM,TQQQ,1972.5099,6.31,12450.73,6759.26,6641.3,5985.28,53.59,Bearish RSI divergence — trimming to 50%
2018-02-26,2018-02-26T15:50:00,BUY,TQQQ,1789.8241,6.96,12453.47,6989.1,6671.81,6003.79,63.16,"Bull trend confirmed: Price > SMA50 & SMA250, RSI 63.2"
2018-03-09,2018-03-09T15:50:00,TRIM,TQQQ,1881.167,7.27,13668.57,7101.18,6752.19,6058.85,65.3,Bearish RSI divergence — trimming to 50%
2018-03-22,2018-03-22T15:50:00,SELL,TQQQ,1881.167,6.04,11364.56,6682.26,6824.26,6115.26,39.13,Exit: NDX 6682.3 below SMA50 exit level (6722.7)
2018-05-09,2018-05-09T15:50:00,BUY,TQQQ,3918.5817,6.41,25098.76,6893.21,6732.23,6264.81,61.14,"Bull trend confirmed: Price > SMA50 & SMA250, RSI 61.1"
2018-07-13,2018-07-13T15:50:00,TRIM,TQQQ,1959.2908,7.74,15169.9,7375.82,7065.22,6508.94,65.37,Bearish RSI divergence — trimming to 50%
2018-08-10,2018-08-10T15:50:00,BUY,TQQQ,1948.2059,7.8,15192.71,7408.3,7257.36,6626.84,55.96,"Bull trend confirmed: Price > SMA50 & SMA250, RSI 56.0"
2018-08-27,2018-08-27T15:50:00,TRIM,TQQQ,1953.7483,8.27,16165.44,7559.13,7308.92,6696.14,65.99,Bearish RSI divergence — trimming to 50%
2018-08-29,2018-08-29T15:50:00,BUY,TQQQ,1879.5855,8.6,16167.28,7660.18,7323.94,6709.37,71.67,"Bull trend confirmed: Price > SMA50 & SMA250, RSI 71.7"
2018-10-08,2018-10-08T15:50:00,SELL,TQQQ,3833.3338,7.54,28920.27,7352.82,7480.62,6878.03,36.07,Exit: NDX 7352.8 below SMA50 exit level (7383.6)
2018-10-26,2018-10-26T15:50:00,BUY,SQQQ,1.0359,27950.2,28952.34,6852.4,7400.87,6933.32,36.28,"Bear signal: below both SMAs, RSI 36.3 in [35-55]"
2018-10-29,2018-10-29T15:50:00,SELL,SQQQ,1.0359,29586.49,30647.31,6713.9,7387.6,6935.18,32.93,"Bear trend, RSI 32.9 outside SQQQ zone — holding cash"
2018-10-30,2018-10-30T15:50:00,BUY,SQQQ,1.0826,28311.71,30649.23,6810.12,7376.37,6937.43,37.26,"Bear signal: below both SMAs, RSI 37.3 in [35-55]"
2018-10-31,2018-10-31T15:50:00,SELL,SQQQ,1.0826,26409.03,28589.46,6967.1,7367.77,6940.35,43.65,Exit: NDX 6967.1 below SMA50 exit level (7154.3)
2018-11-05,2018-11-05T15:50:00,BUY,SQQQ,1.0721,26675.41,28598.35,6937.09,7340.73,6948.52,43.32,"Bear signal: below both SMAs, RSI 43.3 in [35-55]"
2018-11-06,2018-11-06T15:50:00,SELL,SQQQ,1.0721,26066.55,27945.61,6988.85,7329.32,6951.09,45.42,Exit: NDX 6988.9 below SMA50 exit level (7125.5)
2018-11-12,2018-11-12T15:50:00,BUY,SQQQ,1.0133,27588.68,27956.19,6829.1,7283.37,6963.09,40.98,"Bear signal: below both SMAs, RSI 41.0 in [35-55]"
2018-11-20,2018-11-20T15:50:00,SELL,SQQQ,1.0133,31260.84,31677.26,6526.96,7194.24,6973.26,34.15,"Bear trend, RSI 34.2 outside SQQQ zone — holding cash"
2018-11-21,2018-11-21T15:50:00,BUY,SQQQ,1.0354,30594.9,31679.3,6575.66,7175.99,6973.92,36.39,"Bear signal: below both SMAs, RSI 36.4 in [35-55]"
2018-12-03,2018-12-03T15:50:00,SELL,SQQQ,1.0354,24468.31,25335.56,7062.13,7077.93,6987.33,56.44,Exit: NDX 7062.1 below SMA50 exit level (6930.9)
2018-12-04,2018-12-04T15:50:00,BUY,SQQQ,0.9319,27189.13,25337.2,6795.21,7062.86,6989.34,46.59,"Bear signal: below both SMAs, RSI 46.6 in [35-55]"
2018-12-20,2018-12-20T15:50:00,SELL,SQQQ,0.9319,34438.29,32092.61,6243.19,6854.54,6996.79,32.64,"Bear trend, RSI 32.6 outside SQQQ zone — holding cash"
2018-12-26,2018-12-26T15:50:00,BUY,SQQQ,0.9684,33152.2,32105.0,6262.77,6795.39,6992.29,40.63,"Bear signal: below both SMAs, RSI 40.6 in [35-55]"
2019-01-15,2019-01-15T15:50:00,SELL,SQQQ,0.9684,26842.96,25995.05,6669.64,6648.43,6983.15,55.76,Re-entry buffer below SMA250: NDX 6669.6 <= entry level (6810.7)
2019-01-18,2019-01-18T15:50:00,BUY,TQQQ,1461.9406,5.34,7800.02,6784.61,6632.44,6981.63,59.84,"Recovery above SMA50 with RSI 59.8, but below SMA250 — cautious 30%"
2019-02-05,2019-02-05T15:50:00,BUY,TQQQ,3105.9892,5.87,18221.08,7023.52,6611.48,6978.36,64.75,"Bull trend confirmed: Price > SMA50 & SMA250, RSI 64.7"
2019-02-07,2019-02-07T15:50:00,TRIM,TQQQ,3197.5508,5.58,17850.32,6904.98,6627.47,6982.42,57.98,"Recovery above SMA50 with RSI 58.0, but below SMA250 — cautious 30%"
2019-02-12,2019-02-12T15:50:00,BUY,TQQQ,3057.4002,5.84,17856.13,7014.67,6638.36,6987.81,62.45,"Bull trend confirmed: Price > SMA50 & SMA250, RSI 62.5"
2019-03-21,2019-03-21T15:50:00,TRIM,TQQQ,3099.4454,7.09,21972.11,7493.27,6975.63,7015.99,77.65,Overbought: RSI 77.7 >= 75 — trimmed until RSI dips and re-crosses above 60
2019-03-29,2019-03-29T15:50:00,BUY,TQQQ,3264.7096,6.73,21983.58,7378.77,7061.62,7035.1,62.59,"Bull trend confirmed: Price > SMA50 & SMA250, RSI 62.6"
2019-04-18,2019-04-18T15:50:00,TRIM,TQQQ,2296.5217,7.6,17456.46,7689.72,7283.61,7089.22,74.52,Bearish RSI divergence — trimming to 50%
2019-04-22,2019-04-22T15:50:00,TRIM,TQQQ,924.199,7.67,7084.39,7713.49,7299.78,7093.48,75.81,Overbought: RSI 75.8 >= 75 — trimmed until RSI dips and re-crosses above 60
2019-05-13,2019-05-13T15:50:00,SELL,TQQQ,1372.3227,6.52,8940.72,7324.13,7498.5,7152.04,31.0,Exit: NDX 7324.1 below SMA50 exit level (7369.2)
2019-06-04,2019-06-04T15:50:00,BUY,SQQQ,1.6106,20840.71,33566.21,7166.75,7525.48,7173.42,39.12,"Bear signal: below both SMAs, RSI 39.1 in [35-55]"
2019-06-05,2019-06-05T15:50:00,SELL,SQQQ,1.6106,20366.19,32801.93,7220.9,7523.56,7173.46,42.17,Exit: NDX 7220.9 below SMA50 exit level (7409.0)
2019-06-19,2019-06-19T15:50:00,BUY,TQQQ,4459.7817,7.36,32829.33,7667.74,7531.56,7184.73,62.44,"Bull trend confirmed: Price > SMA50 & SMA250, RSI 62.4"
2019-08-05,2019-08-05T15:50:00,SELL,TQQQ,4459.7817,6.56,29278.21,7415.69,7658.69,7257.24,30.0,Exit: NDX 7415.7 below SMA50 exit level (7534.3)
2019-09-11,2019-09-11T15:50:00,BUY,TQQQ,3787.5926,7.75,29335.14,7887.58,7763.95,7276.79,58.52,"Bull trend confirmed: Price > SMA50 & SMA250, RSI 58.5"
2019-10-02,2019-10-02T15:50:00,SELL,TQQQ,3787.5926,6.78,25684.56,7550.79,7737.93,7290.66,38.34,Exit: NDX 7550.8 below SMA50 exit level (7630.4)
2019-10-11,2019-10-11T15:50:00,BUY,TQQQ,3408.0723,7.54,25695.03,7843.88,7706.88,7303.53,55.46,"Bull trend confirmed: Price > SMA50 & SMA250, RSI 55.5"
2019-12-20,2019-12-20T15:50:00,TRIM,TQQQ,2385.6506,10.12,24136.07,8678.49,8235.19,7585.16,76.59,Overbought: RSI 76.6 >= 75 — trimmed until RSI dips and re-crosses above 60
2020-01-28,2020-01-28T15:50:00,BUY,TQQQ,536.6304,11.54,6190.36,9090.93,8663.35,7815.31,60.89,Bearish RSI divergence — trimming to 50%
2020-02-19,2020-02-19T15:50:00,TRIM,TQQQ,706.5808,14.04,9917.42,9718.73,8989.01,7960.74,76.11,Overbought: RSI 76.1 >= 75 — trimmed until RSI dips and re-crosses above 60
2020-02-25,2020-02-25T15:50:00,SELL,TQQQ,852.4713,10.45,8912.52,8834.87,9058.45,7994.91,34.03,Exit: NDX 8834.9 below SMA50 exit level (8900.5)
2020-03-11,2020-03-11T15:50:00,BUY,SQQQ,2.9886,12330.19,36850.02,8006.12,9033.98,8055.49,36.05,"Bear signal: below both SMAs, RSI 36.0 in [35-55]"
2020-03-12,2020-03-12T15:50:00,SELL,SQQQ,2.9886,15739.53,47039.17,7263.65,9005.06,8055.31,28.78,Bear trend but RSI 28.8 oversold — not chasing short
2020-03-13,2020-03-13T15:50:00,BUY,SQQQ,4.1714,11276.66,47039.48,7995.26,8990.3,8057.99,41.33,"Bear signal: below both SMAs, RSI 41.3 in [35-55]"
2020-03-16,2020-03-16T15:50:00,SELL,SQQQ,4.1714,14968.89,62441.26,7020.38,8953.26,8056.67,32.99,"Bear trend, RSI 33.0 outside SQQQ zone — holding cash"
2020-03-17,2020-03-17T15:50:00,BUY,SQQQ,5.1045,12232.64,62441.55,7473.95,8926.87,8057.05,39.14,"Bear signal: below both SMAs, RSI 39.1 in [35-55]"
2020-04-06,2020-04-06T15:50:00,SELL,SQQQ,5.1045,8290.87,42320.77,8081.66,8500.71,8061.46,52.31,Exit: NDX 8081.7 below SMA50 exit level (8095.3)
2020-04-07,2020-04-07T15:50:00,BUY,SQQQ,5.1196,8266.42,42320.92,8049.31,8482.65,8063.21,51.88,"Bear signal: below both SMAs, RSI 51.9 in [35-55]"
2020-04-08,2020-04-08T15:50:00,SELL,SQQQ,5.1196,7743.04,39641.42,8229.54,8465.43,8065.75,54.17,Exit: NDX 8229.5 below SMA50 exit level (8106.1)
2020-04-16,2020-04-16T15:50:00,BUY,TQQQ,5122.1291,7.74,39642.94,8757.83,8403.9,8083.07,60.48,"Bull trend confirmed: Price > SMA50 & SMA250, RSI 60.5"
2020-07-09,2020-07-09T15:50:00,TRIM,TQQQ,2561.0646,13.76,35228.02,10754.59,9661.71,8534.17,71.0,Bearish RSI divergence — trimming to 50%
2020-08-06,2020-08-06T15:50:00,BUY,TQQQ,2257.2994,15.61,35230.75,11267.08,10315.42,8771.66,68.95,"Bull trend confirmed: Price > SMA50 & SMA250, RSI 69.0"
2020-08-07,2020-08-07T15:50:00,TRIM,TQQQ,2409.182,15.1,36372.52,11139.39,10349.87,8785.98,63.77,Bearish RSI divergence — trimming to 50%
2020-08-26,2020-08-26T15:50:00,TRIM,TQQQ,1100.7902,18.63,20511.19,11971.94,10768.03,8981.14,75.66,Overbought: RSI 75.7 >= 75 — trimmed until RSI dips and re-crosses above 60
2020-10-12,2020-10-12T15:50:00,BUY,TQQQ,3102.1685,18.34,56892.23,12088.11,11399.83,9451.15,63.46,"Bull trend confirmed: Price > SMA50 & SMA250, RSI 63.5"
2020-10-28,2020-10-28T15:50:00,SELL,TQQQ,4410.5603,14.28,62985.9,11142.76,11531.14,9629.72,39.66,Exit: NDX 11142.8 below SMA50 exit level (11284.9)
2020-11-05,2020-11-05T15:50:00,BUY,TQQQ,3511.2091,17.94,62987.06,12078.07,11510.19,9707.2,61.12,"Bull trend confirmed: Price > SMA50 & SMA250, RSI 61.1"
2020-11-09,2020-11-09T15:50:00,TRIM,TQQQ,1755.6045,16.9,29671.42,11830.39,11510.19,9736.86,55.14,Bearish RSI divergence — trimming to 50%
2020-12-01,2020-12-01T15:50:00,BUY,TQQQ,1519.7476,19.52,29672.78,12455.33,11676.07,9958.42,66.51,"Bull trend confirmed: Price > SMA50 & SMA250, RSI 66.5"
2021-01-07,2021-01-07T15:50:00,TRIM,TQQQ,1637.6761,21.78,35664.84,12939.57,12235.14,10357.81,62.84,Bearish RSI divergence — trimming to 50%
2021-02-25,2021-02-25T15:50:00,SELL,TQQQ,1637.6761,20.9,34227.97,12828.31,13128.21,10901.29,35.95,Exit: NDX 12828.3 below SMA50 exit level (12894.0)
2021-04-05,2021-04-05T15:50:00,BUY,TQQQ,2891.6227,24.17,69896.59,13598.16,13184.27,11435.01,62.1,"Bull trend confirmed: Price > SMA50 & SMA250, RSI 62.1"
2021-04-09,2021-04-09T15:50:00,TRIM,TQQQ,1445.8113,25.51,36876.88,13845.06,13211.19,11522.8,66.27,Bearish RSI divergence — trimming to 50%
2021-04-13,2021-04-13T15:50:00,BUY,TQQQ,1403.424,26.28,36876.92,13986.49,13244.77,11564.89,68.34,"Bull trend confirmed: Price > SMA50 & SMA250, RSI 68.3"
2021-05-12,2021-05-12T15:50:00,SELL,TQQQ,2849.2353,20.98,59787.08,13001.63,13374.68,11973.82,34.32,Exit: NDX 13001.6 below SMA50 exit level (13149.8)
2021-06-04,2021-06-04T15:50:00,BUY,TQQQ,2418.2171,24.72,59787.36,13770.77,13584.79,12229.72,56.66,"Bull trend confirmed: Price > SMA50 & SMA250, RSI 56.7"
2021-07-02,2021-07-02T15:50:00,TRIM,TQQQ,1692.7519,30.13,51003.83,14727.63,13835.66,12561.2,75.48,Overbought: RSI 75.5 >= 75 — trimmed until RSI dips and re-crosses above 60
2021-07-20,2021-07-20T15:50:00,BUY,TQQQ,1694.927,30.09,51004.87,14728.21,14049.86,12738.69,60.32,"Bull trend confirmed: Price > SMA50 & SMA250, RSI 60.3"
2021-08-04,2021-08-04T15:50:00,TRIM,TQQQ,1210.196,32.26,39042.33,15083.39,14421.5,12922.74,64.46,Bearish RSI divergence — trimming to 50%
2021-09-09,2021-09-09T15:50:00,BUY,TQQQ,1102.797,35.4,39044.02,15561.05,15078.6,13301.22,63.41,"Bull trend confirmed: Price > SMA50 & SMA250, RSI 63.4"
2021-09-28,2021-09-28T15:50:00,SELL,TQQQ,2312.993,30.16,69752.63,14770.3,15214.27,13514.48,33.92,Exit: NDX 14770.3 below SMA50 exit level (14986.2)
2021-10-19,2021-10-19T15:50:00,BUY,TQQQ,2053.645,33.97,69754.13,15410.72,15167.51,13704.97,61.48,"Bull trend confirmed: Price > SMA50 & SMA250, RSI 61.5"
2021-10-28,2021-10-28T15:50:00,TRIM,TQQQ,1026.8225,36.36,37330.79,15778.16,15235.01,13819.68,67.93,Bearish RSI divergence — trimming to 50%
2021-11-02,2021-11-02T15:50:00,BUY,TQQQ,988.8026,37.75,37331.0,15972.49,15282.79,13874.03,71.86,"Bull trend confirmed: Price > SMA50 & SMA250, RSI 71.9"
2021-11-03,2021-11-03T15:50:00,TRIM,TQQQ,1410.9376,38.95,54959.02,16144.5,15298.52,13890.29,75.0,Overbought: RSI 75.0 >= 75 — trimmed until RSI dips and re-crosses above 60
2022-01-05,2022-01-05T15:50:00,SELL,TQQQ,604.6875,35.51,21473.38,15771.78,16146.01,14542.27,42.3,Exit: NDX 15771.8 below SMA50 exit level (15870.0)
2022-01-28,2022-01-28T15:50:00,BUY,SQQQ,94.5557,808.45,76443.16,14454.61,15823.49,14663.1,35.82,"Bear signal: below both SMAs, RSI 35.8 in [35-55]"
2022-01-31,2022-01-31T15:50:00,SELL,SQQQ,94.5557,731.36,69154.06,14930.05,15795.92,14669.21,45.17,Exit: NDX 14930.0 below SMA50 exit level (15334.6)
2022-02-03,2022-02-03T15:50:00,BUY,SQQQ,88.4522,781.84,69155.16,14501.11,15700.39,14684.41,39.79,"Bear signal: below both SMAs, RSI 39.8 in [35-55]"
2022-02-04,2022-02-04T15:50:00,SELL,SQQQ,88.4522,754.25,66715.0,14694.35,15668.14,14688.44,43.23,Exit: NDX 14694.3 below SMA50 exit level (15187.4)
2022-02-07,2022-02-07T15:50:00,BUY,SQQQ,86.6334,770.1,66716.11,14571.25,15632.21,14692.11,41.6,"Bear signal: below both SMAs, RSI 41.6 in [35-55]"
2022-02-08,2022-02-08T15:50:00,SELL,SQQQ,86.6334,745.05,64546.48,14747.03,15606.64,14696.16,44.8,Exit: NDX 14747.0 below SMA50 exit level (15139.0)
2022-02-11,2022-02-11T15:50:00,BUY,SQQQ,79.2669,814.32,64548.21,14253.84,15518.71,14707.1,39.24,"Bear signal: below both SMAs, RSI 39.2 in [35-55]"
2022-02-23,2022-02-23T15:50:00,SELL,SQQQ,79.2669,939.34,74458.43,13509.43,15244.79,14732.61,32.33,"Bear trend, RSI 32.3 outside SQQQ zone — holding cash"
2022-02-24,2022-02-24T15:50:00,BUY,SQQQ,87.8493,847.58,74459.01,13974.67,15202.63,14735.38,41.04,"Bear signal: below both SMAs, RSI 41.0 in [35-55]"
2022-03-07,2022-03-07T15:50:00,SELL,SQQQ,87.8493,958.9,84239.07,13319.38,14926.73,14771.97,34.89,"Bear trend, RSI 34.9 outside SQQQ zone — holding cash"
2022-03-09,2022-03-09T15:50:00,BUY,SQQQ,97.06,867.92,84240.76,13742.2,14809.41,14776.05,43.01,"Bear signal: below both SMAs, RSI 43.0 in [35-55]"
2022-03-18,2022-03-18T15:50:00,SELL,SQQQ,97.06,733.51,71194.46,14420.08,14441.64,14794.83,55.54,"Bear trend, RSI 55.5 outside SQQQ zone — holding cash"
2022-03-21,2022-03-21T15:50:00,BUY,SQQQ,96.4206,738.4,71197.13,14376.09,14413.86,14801.14,54.86,"Bear signal: below both SMAs, RSI 54.9 in [35-55]"
2022-03-22,2022-03-22T15:50:00,SELL,SQQQ,96.4206,695.16,67027.92,14654.33,14395.1,14808.63,58.32,Re-entry buffer below SMA250: NDX 14654.3 <= entry level (14801.1)
2022-03-24,2022-03-24T15:50:00,BUY,TQQQ,741.5954,27.12,20108.91,14765.69,14350.19,14821.71,58.89,"Recovery above SMA50 with RSI 58.9, but below SMA250 — cautious 30%"
2022-03-28,2022-03-28T15:50:00,BUY,TQQQ,1657.8012,28.3,46923.41,14987.4,14317.01,14836.72,61.54,"Bull trend confirmed: Price > SMA50 & SMA250, RSI 61.5"
2022-03-31,2022-03-31T15:50:00,TRIM,TQQQ,1679.5776,27.67,46469.5,14838.49,14302.6,14855.29,56.84,"Recovery above SMA50 with RSI 56.8, but below SMA250 — cautious 30%"
2022-04-01,2022-04-01T15:50:00,BUY,TQQQ,1686.8489,27.55,46470.14,14861.21,14302.89,14860.27,57.15,"Bull trend confirmed: Price > SMA50 & SMA250, RSI 57.2"
2022-04-05,2022-04-05T15:50:00,TRIM,TQQQ,1684.6675,27.33,46049.53,14820.64,14323.53,14869.78,54.87,"Recovery above SMA50 with RSI 54.9, but below SMA250 — cautious 30%"
2022-04-06,2022-04-06T15:50:00,SELL,TQQQ,722.0003,25.54,18437.67,14498.89,14330.53,14872.5,49.64,Recovery above SMA50 but RSI 49.6 < 50 — waiting
2022-04-08,2022-04-08T15:50:00,BUY,SQQQ,88.6057,727.84,64490.38,14327.26,14344.19,14876.77,46.9,"Bear signal: below both SMAs, RSI 46.9 in [35-55]"
2022-04-26,2022-04-26T15:50:00,SELL,SQQQ,88.6057,943.06,83560.13,13009.71,14138.32,14870.77,33.72,"Bear trend, RSI 33.7 outside SQQQ zone — holding cash"
2022-04-28,2022-04-28T15:50:00,BUY,SQQQ,98.5232,848.16,83563.78,13456.06,14089.72,14865.96,42.24,"Bear signal: below both SMAs, RSI 42.2 in [35-55]"
2022-05-09,2022-05-09T15:50:00,SELL,SQQQ,98.5232,1088.04,107196.82,12187.72,13928.91,14850.74,33.08,"Bear trend, RSI 33.1 outside SQQQ zone — holding cash"
2022-05-10,2022-05-10T15:50:00,BUY,SQQQ,102.125,1049.69,107199.4,12345.86,13891.07,14847.69,35.67,"Bear signal: below both SMAs, RSI 35.7 in [35-55]"
2022-05-11,2022-05-11T15:50:00,SELL,SQQQ,102.125,1143.21,116750.43,11967.56,13850.3,14841.99,32.44,"Bear trend, RSI 32.4 outside SQQQ zone — holding cash"
2022-05-13,2022-05-13T15:50:00,BUY,SQQQ,113.7961,1026.01,116756.34,12387.4,13771.38,14833.19,39.63,"Bear signal: below both SMAs, RSI 39.6 in [35-55]"
2022-06-13,2022-06-13T15:50:00,SELL,SQQQ,113.7961,1256.3,142961.96,11288.32,13009.52,14715.0,33.26,"Bear trend, RSI 33.3 outside SQQQ zone — holding cash"
2022-06-15,2022-06-15T15:50:00,BUY,SQQQ,123.5007,1157.69,142975.42,11593.77,12867.22,14693.77,38.95,"Bear signal: below both SMAs, RSI 39.0 in [35-55]"
2022-06-16,2022-06-16T15:50:00,SELL,SQQQ,123.5007,1293.08,159696.57,11127.57,12793.36,14681.73,34.14,"Bear trend, RSI 34.1 outside SQQQ zone — holding cash"
2022-06-17,2022-06-17T15:50:00,BUY,SQQQ,127.6188,1251.41,159703.18,11265.99,12728.7,14669.71,36.64,"Bear signal: below both SMAs, RSI 36.6 in [35-55]"
2022-07-19,2022-07-19T15:50:00,SELL,SQQQ,127.6188,942.08,120226.83,12249.42,12005.61,14441.84,56.66,Re-entry buffer below SMA250: NDX 12249.4 <= entry level (12292.4)
2022-07-20,2022-07-20T15:50:00,BUY,TQQQ,2537.6447,14.21,36070.4,12439.68,12000.53,14431.84,59.85,"Recovery above SMA50 with RSI 59.9, but below SMA250 — cautious 30%"
2022-08-22,2022-08-22T15:50:00,SELL,TQQQ,2537.6447,15.49,39304.54,12890.54,12346.81,14245.32,48.33,Recovery above SMA50 but RSI 48.3 < 50 — waiting
2022-08-25,2022-08-25T15:50:00,BUY,TQQQ,2266.2205,16.37,37105.08,13143.58,12437.02,14216.77,54.13,"Recovery above SMA50 with RSI 54.1, but below SMA250 — cautious 30%"
2022-08-26,2022-08-26T15:50:00,SELL,TQQQ,2266.2205,14.38,32589.54,12605.17,12457.25,14204.77,43.02,Recovery above SMA50 but RSI 43.0 < 50 — waiting
2022-08-29,2022-08-29T15:50:00,BUY,SQQQ,141.2909,843.66,119202.0,12484.32,12484.38,14192.38,40.98,"Bear signal: below both SMAs, RSI 41.0 in [35-55]"
2022-09-02,2022-09-02T15:50:00,SELL,SQQQ,141.2909,924.08,130563.78,12098.44,12543.37,14138.15,34.67,"Bear trend, RSI 34.7 outside SQQQ zone — holding cash"
2022-09-07,2022-09-07T15:50:00,BUY,SQQQ,146.979,888.66,130614.98,12259.39,12546.51,14110.51,40.57,"Bear signal: below both SMAs, RSI 40.6 in [35-55]"
2022-09-09,2022-09-09T15:50:00,SELL,SQQQ,146.979,818.62,120319.91,12588.29,12578.78,14086.65,49.02,Re-entry buffer below SMA250: NDX 12588.3 <= entry level (12861.7)
2022-09-13,2022-09-13T15:50:00,BUY,SQQQ,130.9976,918.79,120359.93,12033.62,12612.45,14062.19,39.27,"Bear signal: below both SMAs, RSI 39.3 in [35-55]"
2022-09-21,2022-09-21T15:50:00,SELL,SQQQ,130.9976,1013.1,132713.78,11637.79,12610.32,13982.13,34.74,"Bear trend, RSI 34.7 outside SQQQ zone — holding cash"
2022-09-28,2022-09-28T15:50:00,BUY,SQQQ,126.4379,1050.27,132794.56,11493.83,12554.82,13910.47,36.98,"Bear signal: below both SMAs, RSI 37.0 in [35-55]"
2022-09-29,2022-09-29T15:50:00,SELL,SQQQ,126.4379,1137.73,143852.52,11164.78,12529.33,13895.96,31.94,"Bear trend, RSI 31.9 outside SQQQ zone — holding cash"
2022-10-03,2022-10-03T15:50:00,BUY,SQQQ,129.1014,1114.65,143902.3,11229.73,12473.03,13868.18,36.65,"Bear signal: below both SMAs, RSI 36.6 in [35-55]"
2022-10-10,2022-10-10T15:50:00,SELL,SQQQ,129.1014,1192.12,153904.99,10926.97,12351.53,13799.17,34.45,"Bear trend, RSI 34.5 outside SQQQ zone — holding cash"
2022-10-13,2022-10-13T15:50:00,BUY,SQQQ,133.1146,1156.52,153949.08,11033.58,12221.83,13749.71,39.34,"Bear signal: below both SMAs, RSI 39.3 in [35-55]"
2022-10-14,2022-10-14T15:50:00,SELL,SQQQ,133.1146,1259.63,167674.5,10692.06,12169.45,13731.28,34.23,"Bear trend, RSI 34.2 outside SQQQ zone — holding cash"
2022-10-17,2022-10-17T15:50:00,BUY,SQQQ,147.802,1134.8,167725.33,11062.53,12126.54,13713.89,42.9,"Bear signal: below both SMAs, RSI 42.9 in [35-55]"
2022-10-25,2022-10-25T15:50:00,SELL,SQQQ,147.802,960.86,142017.1,11669.99,11879.3,13613.1,56.02,"Bear trend, RSI 56.0 outside SQQQ zone — holding cash"
2022-10-26,2022-10-26T15:50:00,BUY,SQQQ,138.7488,1023.67,142032.39,11405.9,11834.71,13595.61,50.33,"Bear signal: below both SMAs, RSI 50.3 in [35-55]"
2022-11-10,2022-11-10T15:50:00,SELL,SQQQ,138.7488,921.14,127807.45,11605.96,11446.08,13375.5,56.06,Re-entry buffer below SMA250: NDX 11606.0 <= entry level (11772.2)
2022-11-11,2022-11-11T15:50:00,BUY,TQQQ,3556.968,10.78,38346.5,11817.01,11436.93,13358.02,58.88,"Recovery above SMA50 with RSI 58.9, but below SMA250 — cautious 30%"
2022-12-06,2022-12-06T15:50:00,SELL,TQQQ,3556.968,9.9,35217.21,11549.69,11367.08,13072.24,48.65,Recovery above SMA50 but RSI 48.6 < 50 — waiting
2022-12-08,2022-12-08T15:50:00,BUY,TQQQ,3701.4672,10.13,37492.78,11637.5,11374.46,13034.85,50.72,"Recovery above SMA50 with RSI 50.7, but below SMA250 — cautious 30%"
2022-12-09,2022-12-09T15:50:00,SELL,TQQQ,3701.4672,9.93,36771.1,11563.33,11382.43,13016.77,49.04,Recovery above SMA50 but RSI 49.0 < 50 — waiting
2022-12-12,2022-12-12T15:50:00,BUY,TQQQ,3622.1309,10.3,37292.05,11706.44,11397.14,12999.94,52.33,"Recovery above SMA50 with RSI 52.3, but below SMA250 — cautious 30%"
2022-12-15,2022-12-15T15:50:00,SELL,TQQQ,3622.1309,9.34,33829.83,11345.22,11407.83,12947.8,43.88,"Bear signal: below both SMAs, RSI 43.9 in [35-55]"
2022-12-15,2022-12-15T15:50:00,BUY,SQQQ,126.6495,954.4,120874.85,11345.22,11407.83,12947.8,43.88,"Bear signal: below both SMAs, RSI 43.9 in [35-55]"
2022-12-28,2022-12-28T15:50:00,SELL,SQQQ,126.6495,1139.59,144328.35,10679.34,11413.09,12779.81,33.62,"Bear trend, RSI 33.6 outside SQQQ zone — holding cash"
2022-12-29,2022-12-29T15:50:00,BUY,SQQQ,136.5652,1056.97,144345.33,10951.05,11409.16,12758.33,41.59,"Bear signal: below both SMAs, RSI 41.6 in [35-55]"
2023-01-11,2023-01-11T15:50:00,SELL,SQQQ,136.5652,931.37,127193.28,11402.52,11359.38,12602.09,55.49,Re-entry buffer below SMA250: NDX 11402.5 <= entry level (11604.5)
2023-01-19,2023-01-19T15:50:00,BUY,SQQQ,132.8918,958.06,127318.74,11295.67,11401.7,12526.3,50.74,"Bear signal: below both SMAs, RSI 50.7 in [35-55]"
2023-01-20,2023-01-20T15:50:00,SELL,SQQQ,132.8918,878.98,116808.82,11619.03,11414.54,12515.02,58.75,Re-entry buffer below SMA250: NDX 11619.0 <= entry level (11646.2)
2023-01-23,2023-01-23T15:50:00,BUY,TQQQ,3374.8666,10.39,35055.71,11872.54,11430.8,12504.48,63.73,"Recovery above SMA50 with RSI 63.7, but below SMA250 — cautious 30%"
2023-02-02,2023-02-02T15:50:00,BUY,TQQQ,6366.7768,12.86,81898.48,12803.14,11515.09,12427.24,73.53,"Bull trend confirmed: Price > SMA50 & SMA250, RSI 73.5"
2023-02-09,2023-02-09T15:50:00,TRIM,TQQQ,6819.1504,11.63,79275.01,12381.17,11598.72,12382.71,58.86,"Recovery above SMA50 with RSI 58.9, but below SMA250 — cautious 30%"
2023-02-13,2023-02-13T15:50:00,BUY,TQQQ,6650.3459,11.93,79315.35,12502.31,11624.2,12367.84,60.47,"Bull trend confirmed: Price > SMA50 & SMA250, RSI 60.5"
2023-02-21,2023-02-21T15:50:00,SELL,TQQQ,9572.8389,10.68,102272.95,12060.3,11689.59,12331.3,48.16,Recovery above SMA50 but RSI 48.2 < 50 — waiting
2023-02-23,2023-02-23T15:50:00,BUY,TQQQ,2799.9305,10.96,30689.78,12180.14,11710.51,12318.35,50.96,"Recovery above SMA50 with RSI 51.0, but below SMA250 — cautious 30%"
2023-02-24,2023-02-24T15:50:00,SELL,TQQQ,2799.9305,10.41,29137.23,11969.65,11715.77,12309.47,46.22,Recovery above SMA50 but RSI 46.2 < 50 — waiting
2023-03-03,2023-03-03T15:50:00,BUY,TQQQ,8992.7236,11.21,100846.7,12290.81,11778.28,12269.52,54.58,"Bull trend confirmed: Price > SMA50 & SMA250, RSI 54.6"
2023-03-07,2023-03-07T15:50:00,TRIM,TQQQ,6294.9065,10.84,68245.62,12152.17,11821.21,12260.99,50.63,"Recovery above SMA50 with RSI 50.6, but below SMA250 — cautious 30%"
2023-03-09,2023-03-09T15:50:00,SELL,TQQQ,2697.8171,10.41,28087.48,11995.88,11866.6,12248.51,46.44,Recovery above SMA50 but RSI 46.4 < 50 — waiting
2023-03-10,2023-03-10T15:50:00,BUY,SQQQ,119.5331,806.17,96363.98,11830.28,11886.75,12242.62,42.57,"Bear signal: below both SMAs, RSI 42.6 in [35-55]"
2023-03-13,2023-03-13T15:50:00,SELL,SQQQ,119.5331,788.7,94276.25,11923.17,11911.63,12238.13,45.32,Re-entry buffer below SMA250: NDX 11923.2 <= entry level (12138.1)
2023-03-14,2023-03-14T15:50:00,BUY,TQQQ,2597.6642,10.89,28286.5,12199.79,11936.61,12233.09,52.61,"Recovery above SMA50 with RSI 52.6, but below SMA250 — cautious 30%"
2023-03-15,2023-03-15T15:50:00,BUY,TQQQ,5975.4127,11.05,66010.08,12251.32,11962.84,12226.27,53.84,"Bull trend confirmed: Price > SMA50 & SMA250, RSI 53.8"
2023-03-29,2023-03-29T15:50:00,TRIM,TQQQ,4286.5384,12.61,54059.49,12846.03,12258.12,12145.32,62.29,Bearish RSI divergence — trimming to 50%
2023-03-31,2023-03-31T15:50:00,BUY,TQQQ,3979.6317,13.59,54073.19,13181.35,12326.89,12131.1,68.48,"Bull trend confirmed: Price > SMA50 & SMA250, RSI 68.5"
2023-05-01,2023-05-01T15:50:00,TRIM,TQQQ,4133.0851,13.54,55979.39,13231.47,12626.93,12063.97,61.37,Bearish RSI divergence — trimming to 50%
2023-05-18,2023-05-18T15:50:00,BUY,TQQQ,3651.5551,15.37,56111.45,13834.62,12937.75,12110.38,72.42,"Bull trend confirmed: Price > SMA50 & SMA250, RSI 72.4"
2023-06-02,2023-06-02T15:50:00,TRIM,TQQQ,5449.2481,17.7,96468.9,14546.64,13289.58,12180.75,75.24,Overbought: RSI 75.2 >= 75 — trimmed until RSI dips and re-crosses above 60
2023-06-27,2023-06-27T15:50:00,BUY,TQQQ,5112.3427,18.94,96807.4,14945.91,13885.5,12371.77,61.82,"Bull trend confirmed: Price > SMA50 & SMA250, RSI 61.8"
2023-07-17,2023-07-17T15:50:00,TRIM,TQQQ,3723.8674,21.82,81255.94,15713.28,14453.65,12549.24,74.23,Bearish RSI divergence — trimming to 50%
2023-07-18,2023-07-18T15:50:00,TRIM,TQQQ,1515.4377,22.34,33856.72,15841.35,14510.83,12563.61,76.25,Overbought: RSI 76.2 >= 75 — trimmed until RSI dips and re-crosses above 60
2023-07-25,2023-07-25T15:50:00,BUY,TQQQ,1628.2582,21.09,34335.38,15561.42,14735.59,12627.04,62.28,Bearish RSI divergence — trimming to 50%
2023-08-14,2023-08-14T15:50:00,BUY,TQQQ,4164.9991,19.48,81138.52,15205.59,15165.85,12752.57,47.54,"Bull trend confirmed: Price > SMA50 & SMA250, RSI 47.5"
2023-08-16,2023-08-16T15:50:00,SELL,TQQQ,8001.687,18.26,146078.31,14876.47,15182.07,12763.8,38.79,Exit: NDX 14876.5 below SMA50 exit level (14962.7)
2023-08-30,2023-08-30T15:50:00,BUY,TQQQ,7215.4097,20.29,146375.57,15462.43,15225.06,12850.87,58.43,"Bull trend confirmed: Price > SMA50 & SMA250, RSI 58.4"
2023-09-20,2023-09-20T15:50:00,SELL,TQQQ,7215.4097,18.27,131838.85,14969.92,15312.06,13030.39,41.71,Exit: NDX 14969.9 below SMA50 exit level (15127.3)
2023-11-07,2023-11-07T15:50:00,BUY,TQQQ,7018.7023,18.92,132762.92,15296.02,14960.92,13520.09,61.81,"Bull trend confirmed: Price > SMA50 & SMA250, RSI 61.8"
2023-12-13,2023-12-13T15:50:00,TRIM,TQQQ,4913.0916,23.59,115905.97,16562.37,15358.73,13940.98,75.06,Overbought: RSI 75.1 >= 75 — trimmed until RSI dips and re-crosses above 60
2024-01-10,2024-01-10T15:50:00,BUY,TQQQ,4783.6427,24.33,116370.75,16793.05,16024.36,14346.31,61.96,"Bull trend confirmed: Price > SMA50 & SMA250, RSI 62.0"
2024-01-19,2024-01-19T15:50:00,TRIM,TQQQ,3444.6267,26.51,91332.43,17314.0,16283.02,14476.84,71.96,Bearish RSI divergence — trimming to 50%
2024-01-24,2024-01-24T15:50:00,TRIM,TQQQ,1409.7977,27.38,38599.99,17499.3,16411.76,14543.64,75.17,Overbought: RSI 75.2 >= 75 — trimmed until RSI dips and re-crosses above 60
2024-02-01,2024-02-01T15:50:00,BUY,TQQQ,1438.6267,26.5,38116.44,17344.71,16615.36,14668.02,60.08,Bearish RSI divergence — trimming to 50%
2024-02-16,2024-02-16T15:50:00,BUY,TQQQ,3304.4782,27.91,92227.02,17685.98,17007.05,14898.51,57.57,"Bull trend confirmed: Price > SMA50 & SMA250, RSI 57.6"
2024-02-23,2024-02-23T15:50:00,TRIM,TQQQ,3388.967,28.98,98226.14,17937.61,17144.06,14989.27,60.87,Bearish RSI divergence — trimming to 50%
2024-04-15,2024-04-15T15:50:00,SELL,TQQQ,3388.967,27.21,92214.66,17706.83,17991.36,15761.44,41.6,Exit: NDX 17706.8 below SMA50 exit level (17729.1)
2024-05-13,2024-05-13T15:50:00,BUY,TQQQ,6605.2737,29.06,191945.33,18198.61,17940.76,16125.6,59.49,"Bull trend confirmed: Price > SMA50 & SMA250, RSI 59.5"
2024-06-12,2024-06-12T15:50:00,TRIM,TQQQ,4623.6916,35.11,162334.94,19465.18,18209.11,16507.83,75.86,Overbought: RSI 75.9 >= 75 — trimmed until RSI dips and re-crosses above 60
2024-07-24,2024-07-24T15:50:00,SELL,TQQQ,1981.5821,32.06,63520.14,19032.39,19406.54,17032.01,36.41,Exit: NDX 19032.4 below SMA50 exit level (19081.3)
2024-09-19,2024-09-19T15:50:00,BUY,TQQQ,3306.6046,34.57,114301.97,19839.83,19250.3,17649.93,60.23,Bearish RSI divergence — trimming to 50%
2024-09-24,2024-09-24T15:50:00,BUY,TQQQ,3259.2372,35.09,114372.59,19944.84,19223.47,17712.22,61.55,"Bull trend confirmed: Price > SMA50 & SMA250, RSI 61.6"
2025-02-14,2025-02-14T15:50:00,TRIM,TQQQ,3282.9209,44.28,145381.38,22114.69,21475.13,19618.67,61.5,Bearish RSI divergence — trimming to 50%
2025-02-18,2025-02-18T15:50:00,BUY,TQQQ,3264.0884,44.56,145448.51,22164.61,21493.83,19636.59,62.29,"Bull trend confirmed: Price > SMA50 & SMA250, RSI 62.3"
2025-02-25,2025-02-25T15:50:00,SELL,TQQQ,6547.0093,38.26,250520.68,21087.25,21512.8,19714.17,39.41,Exit: NDX 21087.2 below SMA50 exit level (21229.3)
2025-03-14,2025-03-14T15:50:00,BUY,SQQQ,1515.2819,165.65,251010.33,19704.64,21131.95,19820.8,37.91,"Bear signal: below both SMAs, RSI 37.9 in [35-55]"
2025-03-24,2025-03-24T15:50:00,SELL,SQQQ,1515.2819,153.93,233242.14,20180.45,20960.28,19860.48,48.07,Exit: NDX 20180.4 below SMA50 exit level (20476.3)
2025-03-27,2025-03-27T15:50:00,BUY,SQQQ,1437.5656,162.3,233322.41,19798.62,20912.56,19881.42,43.03,"Bear signal: below both SMAs, RSI 43.0 in [35-55]"
2025-04-03,2025-04-03T15:50:00,SELL,SQQQ,1437.5656,194.61,279763.19,18521.47,20690.75,19902.98,31.64,"Bear trend, RSI 31.6 outside SQQQ zone — holding cash"
2025-04-09,2025-04-09T15:50:00,BUY,SQQQ,1784.7601,156.86,279954.94,19145.06,20386.72,19897.68,48.0,"Bear signal: below both SMAs, RSI 48.0 in [35-55]"
2025-04-29,2025-04-29T15:50:00,SELL,SQQQ,1784.7601,142.22,253821.48,19544.95,19628.17,19956.78,55.48,"Bear trend, RSI 55.5 outside SQQQ zone — holding cash"
2025-05-02,2025-05-02T15:50:00,BUY,TQQQ,8641.0396,29.38,253908.99,20102.61,19489.21,19985.41,60.82,"Bull trend confirmed: Price > SMA50 & SMA250, RSI 60.8"
2025-05-05,2025-05-05T15:50:00,TRIM,TQQQ,6048.7277,28.87,174655.91,19967.94,19456.29,19993.72,58.91,"Recovery above SMA50 with RSI 58.9, but below SMA250 — cautious 30%"
2025-05-08,2025-05-08T15:50:00,BUY,TQQQ,5978.1434,29.23,174716.4,20063.56,19379.3,20015.53,59.43,"Bull trend confirmed: Price > SMA50 & SMA250, RSI 59.4"
2025-06-17,2025-06-17T15:50:00,TRIM,TQQQ,4285.2276,36.37,155855.44,21719.08,20298.97,20298.14,59.1,Bearish RSI divergence — trimming to 50%
2025-06-30,2025-06-30T15:50:00,BUY,TQQQ,3792.8967,41.15,156087.95,22679.01,20913.12,20376.27,72.68,"Bull trend confirmed: Price > SMA50 & SMA250, RSI 72.7"
2025-08-25,2025-08-25T15:50:00,TRIM,TQQQ,4039.0621,44.42,179415.67,23425.61,22936.19,20960.39,53.67,Bearish RSI divergence — trimming to 50%
2025-09-19,2025-09-19T15:50:00,BUY,TQQQ,3523.4292,51.06,179903.14,24626.25,23494.24,21293.45,73.62,"Bull trend confirmed: Price > SMA50 & SMA250, RSI 73.6"
2025-09-22,2025-09-22T15:50:00,TRIM,TQQQ,5293.744,51.92,274860.83,24761.07,23533.85,21313.33,75.53,Overbought: RSI 75.5 >= 75 — trimmed until RSI dips and re-crosses above 60
2025-10-20,2025-10-20T15:50:00,BUY,TQQQ,1439.8624,53.54,77096.99,25141.02,24164.14,21686.87,60.92,Bearish RSI divergence — trimming to 50%
2025-11-20,2025-11-20T15:50:00,SELL,TQQQ,3708.6098,46.11,170986.62,24054.38,24946.74,22125.61,35.18,Exit: NDX 24054.4 below SMA50 exit level (24422.1)
2025-12-03,2025-12-03T15:50:00,BUY,TQQQ,6706.0455,55.28,370688.37,25606.54,25066.79,22261.59,58.14,"Bull trend confirmed: Price > SMA50 & SMA250, RSI 58.1"
2025-12-17,2025-12-17T15:50:00,SELL,TQQQ,6706.0455,49.03,328820.38,24647.61,25208.47,22411.48,38.94,Exit: NDX 24647.6 below SMA50 exit level (24893.2)
2025-12-23,2025-12-23T15:50:00,BUY,TQQQ,6025.648,54.6,329011.17,25587.83,25252.64,22476.69,55.8,"Bull trend confirmed: Price > SMA50 & SMA250, RSI 55.8"
2026-01-12,2026-01-12T15:50:00,TRIM,TQQQ,3012.824,55.56,167398.92,25787.66,25335.53,22682.31,58.45,Bearish RSI divergence — trimming to 50%
2026-01-20,2026-01-20T15:50:00,SELL,TQQQ,3012.824,50.43,151943.93,24987.57,25308.53,22767.02,39.92,Exit: NDX 24987.6 below SMA50 exit level (24993.9)
2026-01-26,2026-01-26T15:50:00,BUY,TQQQ,2918.919,54.76,159830.9,25713.21,25325.1,22829.05,55.47,Bearish RSI divergence — trimming to 50%
2026-01-28,2026-01-28T15:50:00,BUY,TQQQ,2818.1837,56.73,159862.22,26022.79,25354.13,22865.41,60.97,"Bull trend confirmed: Price > SMA50 & SMA250, RSI 61.0"
2026-02-04,2026-02-04T15:50:00,SELL,TQQQ,5737.1027,49.47,283803.49,24891.24,25442.11,22944.99,38.84,Exit: NDX 24891.2 below SMA50 exit level (25033.1)
2026-04-13,2026-04-13T15:50:00,BUY,TQQQ,5663.728,50.45,285712.85,25383.72,24673.65,23763.84,63.4,"Bull trend confirmed: Price > SMA50 & SMA250, RSI 63.4"
2026-05-05,2026-05-05T15:50:00,TRIM,TQQQ,3964.6096,67.11,266046.83,28015.06,25297.94,24266.79,76.16,Overbought: RSI 76.2 >= 75 — trimmed until RSI dips and re-crosses above 60
2026-06-15,2026-06-15T15:50:00,BUY,TQQQ,736.0774,84.23,62001.85,30543.92,28149.16,25188.03,62.38,Bearish RSI divergence — trimming to 50%
2026-07-01,2026-07-01T15:50:00,BUY,TQQQ,2657.5213,77.31,205454.3,29809.13,29086.29,25521.03,52.55,"Bull trend confirmed: Price > SMA50 & SMA250, RSI 52.5"
2026-07-17,2026-07-17T15:50:00,SELL,TQQQ,5092.717,67.4,343247.43,28592.66,29548.73,25806.84,41.86,Exit: NDX 28592.7 below SMA50 exit level (28943.7)
2026-08-13,2026-08-13T15:50:00,BUY,TQQQ,4470.0037,77.0,344195.2,30084.5,29314.16,26228.13,60.14,"Bull trend confirmed: Price > SMA50 & SMA250, RSI 60.1"
