date,position,total_value,cash,tqqq_shares,sqqq_shares,ndx_price,sma50,sma250,rsi,signal,reason,pnl_dollar,pnl_pct
2026-02-22,CASH,100000.0,100000.0,0.0,0.0,25012.62,25358.95,23078.79,47.0,CASH,Price crossed below SMA50 (25358.9) — exiting longs,0.0,0.0
2026-02-23,CASH,100000.0,100000.0,0.0,0.0,24680.31,25339.18,23092.1,41.82,CASH,Price crossed below SMA50 (25339.2) — exiting longs,0.0,0.0
2026-02-23,CASH,100000.0,100000.0,0.0,0.0,24680.31,25339.18,23092.1,41.82,CASH,Price crossed below SMA50 (25339.2) — exiting longs,0.0,0.0
2026-02-23,CASH,100000.0,100000.0,0.0,0.0,24680.87,25339.19,23092.11,41.83,CASH,Price crossed below SMA50 (25339.2) — exiting longs,0.0,0.0
2026-02-24,CASH,100000.0,100000.0,0.0,0.0,25009.57,25324.42,23107.91,47.88,CASH,Price crossed below SMA50 (25324.4) — exiting longs,0.0,0.0,0.0,0.0
2026-02-25,CASH,100000.0,100000.0,0.0,0.0,25341.57,25316.86,23124.61,53.35,CASH,Re-entry buffer: NDX 25341.6 above SMA50 (25316.9) but below re-entry threshold (25570.0) — waiting for confirmation,0.0,0.0,1.33,3.96
2026-02-25,CASH,100000.0,100000.0,0.0,0.0,25329.04,25316.61,23124.56,53.16,CASH,Re-entry buffer: NDX 25329.0 above SMA50 (25316.6) but below re-entry threshold (25569.8) — waiting for confirmation,0.0,0.0,1.28,3.82
2026-02-26,CASH,100000.0,100000.0,0.0,0.0,25006.93,25312.82,23142.39,47.92,CASH,Price crossed below SMA50 (25312.8) — exiting longs,0.0,0.0,-0.01,-0.2
2026-02-27,CASH,100000.0,100000.0,0.0,0.0,24919.32,25310.41,23158.63,46.55,CASH,Price crossed below SMA50 (25310.4) — exiting longs,0.0,0.0,-0.36,-1.28
2026-03-02,CASH,100000.0,100000.0,0.0,0.0,24995.56,25308.47,23177.08,47.81,CASH,Price crossed below SMA50 (25308.5) — exiting longs,0.0,0.0,-0.06,-0.38
2026-03-03,CASH,100000.0,100000.0,0.0,0.0,24718.95,25309.84,23194.53,43.35,CASH,Price crossed below SMA50 (25309.8) — exiting longs,0.0,0.0,-1.16,-3.64
2026-03-04,CASH,100000.0,100000.0,0.0,0.0,25084.56,25311.17,23212.36,49.99,CASH,Price crossed below SMA50 (25311.2) — exiting longs,0.0,0.0,0.3,0.58
2026-03-05,CASH,100000.0,100000.0,0.0,0.0,24980.64,25304.04,23232.11,48.26,CASH,Price crossed below SMA50 (25304.0) — exiting longs,0.0,0.0,-0.12,-0.79
2026-03-09,CASH,100000.0,100000.0,0.0,0.0,24967.25,25276.05,23272.18,48.73,CASH,Price crossed below SMA50 (25276.0) — exiting longs,0.0,0.0,-0.17,-1.14
2026-03-10,CASH,100000.0,100000.0,0.0,0.0,24936.94,25261.66,23294.42,48.24,CASH,Price crossed below SMA50 (25261.7) — exiting longs,0.0,0.0,-0.29,-1.55
2026-03-12,CASH,100000.0,100000.0,0.0,0.0,24551.54,25228.99,23337.28,42.05,CASH,Price crossed below SMA50 (25229.0) — exiting longs,0.0,0.0,-1.83,-6.01
2026-03-12,CASH,100000.0,100000.0,0.0,0.0,24533.58,25228.63,23337.21,41.8,CASH,Price crossed below SMA50 (25228.6) — exiting longs,0.0,0.0,-1.9,-6.26
2026-03-13,CASH,100000.0,100000.0,0.0,0.0,24356.54,25206.51,23355.81,39.34,CASH,Price crossed below SMA50 (25206.5) — exiting longs,0.0,0.0,-2.61,-8.37
2026-03-16,CASH,100000.0,100000.0,0.0,0.0,24622.35,25194.44,23375.15,44.5,CASH,Price crossed below SMA50 (25194.4) — exiting longs,0.0,0.0,-1.55,-5.37
2026-03-17,CASH,100000.0,100000.0,0.0,0.0,24768.94,25186.36,23396.43,47.23,CASH,Price crossed below SMA50 (25186.4) — exiting longs,0.0,0.0,-0.96,-3.68
2026-03-18,CASH,100000.0,100000.0,0.0,0.0,24457.83,25167.72,23415.36,42.43,CASH,Price crossed below SMA50 (25167.7) — exiting longs,0.0,0.0,-2.21,-7.31
2026-03-19,CASH,100000.0,100000.0,0.0,0.0,24350.43,25141.28,23433.92,40.92,CASH,Price crossed below SMA50 (25141.3) — exiting longs,0.0,0.0,-2.64,-8.65
2026-03-20,CASH,100000.0,100000.0,0.0,0.0,23817.55,25104.65,23450.19,34.25,CASH,Price crossed below SMA50 (25104.6) — exiting longs,0.0,0.0,-4.77,-14.68
2026-03-23,CASH,100000.0,100000.0,0.0,0.0,24250.4,25081.12,23466.79,42.01,CASH,Price crossed below SMA50 (25081.1) — exiting longs,0.0,0.0,-3.04,-9.99
2026-03-25,CASH,100000.0,100000.0,0.0,0.0,24154.51,25011.95,23498.35,41.52,CASH,Price crossed below SMA50 (25011.9) — exiting longs,0.0,0.0,-3.42,-11.22
2026-03-26,CASH,100000.0,100000.0,0.0,0.0,23610.55,24969.49,23513.64,35.03,CASH,Price crossed below SMA50 (24969.5) — exiting longs,0.0,0.0,-5.59,-17.25
2026-03-30,CASH,100000.0,100000.0,0.0,0.0,22916.49,24869.74,23543.5,28.71,CASH,"Bear trend but RSI 28.7 oversold — staying cash, don't chase short",0.0,0.0,-8.37,-24.6
2026-03-31,CASH,100000.0,100000.0,0.0,0.0,23780.29,24835.5,23561.02,43.05,CASH,Price crossed below SMA50 (24835.5) — exiting longs,0.0,0.0,-4.92,-16.09
2026-04-06,CASH,100000.0,100000.0,0.0,0.0,24187.13,24763.1,23627.87,48.79,CASH,Price crossed below SMA50 (24763.1) — exiting longs,0.0,0.0,-3.29,-11.75
2026-04-07,CASH,100000.0,100000.0,0.0,0.0,24134.99,24733.79,23654.71,48.06,CASH,Price crossed below SMA50 (24733.8) — exiting longs,0.0,0.0,-3.5,-12.37
2026-04-08,CASH,100000.0,100000.0,0.0,0.0,24871.17,24718.3,23686.1,57.77,CASH,Re-entry buffer: NDX 24871.2 above SMA50 (24718.3) but below re-entry threshold (24965.5) — waiting for confirmation,0.0,0.0,-0.55,-4.28
2026-04-09,TQQQ_100,100000.0,0.0,2038.5282,0.0,25088.83,24701.92,23710.0,60.15,TQQQ_100,"Bull trend confirmed: Price > SMA50 & SMA250, RSI 60.1",0.0,0.0,0.32,-1.81
2026-04-10,TQQQ_100,100061.15,0.0,2038.5282,0.0,25101.38,24683.36,23737.01,60.29,TQQQ_100,"Bull trend confirmed: Price > SMA50 & SMA250, RSI 60.3",61.15,0.06,0.37,-1.75
2026-04-13,TQQQ_100,102782.59,0.0,2038.5282,0.0,25329.74,24672.57,23763.62,62.84,TQQQ_100,"Bull trend confirmed: Price > SMA50 & SMA250, RSI 62.8",2782.59,2.78,1.28,0.92
2026-04-14,TQQQ_100,108694.12,0.0,2038.5282,0.0,25817.23,24678.94,23791.92,67.61,TQQQ_100,"Bull trend confirmed: Price > SMA50 & SMA250, RSI 67.6",8694.12,8.69,3.23,6.73
2026-04-15,TQQQ_100,113270.81,0.0,2038.5282,0.0,26187.86,24688.43,23821.45,70.7,TQQQ_100,"Bull trend confirmed: Price > SMA50 & SMA250, RSI 70.7",13270.81,13.27,4.71,11.22
2026-04-16,TQQQ_100,114983.18,0.0,2038.5282,0.0,26319.46,24708.38,23853.77,71.72,TQQQ_100,"Bull trend confirmed: Price > SMA50 & SMA250, RSI 71.7",14983.18,14.98,5.24,12.9
2026-04-17,TQQQ_100,119294.47,0.0,2038.5282,0.0,26657.12,24743.96,23887.42,74.23,TQQQ_100,"Bull trend confirmed: Price > SMA50 & SMA250, RSI 74.2",19294.47,19.29,6.59,17.14
2026-04-20,TQQQ_100,118020.59,0.0,2038.5282,0.0,26564.23,24784.58,23922.5,72.13,TQQQ_100,"Bull trend confirmed: Price > SMA50 & SMA250, RSI 72.1",18020.59,18.02,6.22,15.88
2026-04-21,TQQQ_100,116756.7,0.0,2038.5282,0.0,26475.75,24813.1,23955.41,70.25,TQQQ_100,"Bull trend confirmed: Price > SMA50 & SMA250, RSI 70.3",16756.7,16.76,5.86,14.64
2026-04-22,TQQQ_100,122617.47,0.0,2038.5282,0.0,26917.93,24846.17,23988.32,73.88,TQQQ_100,"Bull trend confirmed: Price > SMA50 & SMA250, RSI 73.9",22617.47,22.62,7.63,20.4
2026-04-23,TQQQ_100,120232.39,0.0,2038.5282,0.0,26746.93,24878.95,24018.53,70.12,TQQQ_100,"Bull trend confirmed: Price > SMA50 & SMA250, RSI 70.1",20232.39,20.23,6.95,18.06
2026-04-24,TQQQ_100,127406.38,0.0,2038.5282,0.0,27285.13,24921.34,24050.08,74.65,TQQQ_100,"Bull trend confirmed: Price > SMA50 & SMA250, RSI 74.7",27406.38,27.41,9.1,25.1
2026-04-27,TQQQ_100,127642.44,0.0,2038.5282,0.0,27303.41,24974.02,24081.66,74.77,TQQQ_100,"Bull trend confirmed: Price > SMA50 & SMA250, RSI 74.8",27642.44,27.64,9.17,25.33
2026-04-28,TQQQ_100,123973.09,0.0,2038.5282,0.0,27042.25,25020.26,24111.66,69.28,TQQQ_100,"Bull trend confirmed: Price > SMA50 & SMA250, RSI 69.3",23973.09,23.97,8.13,21.73
2026-04-29,TQQQ_100,125206.4,0.0,2038.5282,0.0,27134.3,25068.65,24141.86,69.97,TQQQ_100,"Bull trend confirmed: Price > SMA50 & SMA250, RSI 70.0",25206.4,25.21,8.5,22.94
2026-04-30,TQQQ_100,129731.93,0.0,2038.5282,0.0,27464.01,25121.01,24172.78,72.76,TQQQ_100,"Bull trend confirmed: Price > SMA50 & SMA250, RSI 72.8",29731.93,29.73,9.81,27.38
2026-05-01,TQQQ_100,133747.83,0.0,2038.5282,0.0,27756.0,25179.94,24203.34,75.0,TQQQ_100,"Bull trend confirmed: Price > SMA50 & SMA250, RSI 75.0",33747.83,33.75,10.98,31.33
2026-05-04,TQQQ_100,132127.21,0.0,2038.5282,0.0,27644.05,25231.66,24233.86,73.18,TQQQ_100,"Bull trend confirmed: Price > SMA50 & SMA250, RSI 73.2",32127.21,32.13,10.53,29.74
2026-05-05,TQQQ_30,137478.34,96234.84,611.5585,0.0,28019.27,25298.02,24266.81,76.19,TQQQ_30,Overextended: RSI 76.2 >= 75,37478.34,37.48,12.03,34.99
2026-05-06,TQQQ_30,139905.86,96246.71,611.5585,0.0,28569.71,25369.79,24301.6,79.68,TQQQ_30,Overextended: RSI 79.7 >= 75,39905.86,39.91,14.24,42.9
2026-05-07,TQQQ_30,139963.23,96270.44,611.5585,0.0,28578.0,25435.36,24335.77,79.36,TQQQ_30,Overextended: RSI 79.4 >= 75,39963.23,39.96,14.27,43.01
2026-05-08,TQQQ_30,142790.6,96306.04,611.5585,0.0,29199.49,25518.38,24372.27,82.44,TQQQ_30,Overextended: RSI 82.4 >= 75,42790.6,42.79,16.75,52.14
2026-05-11,TQQQ_30,143363.32,96377.28,611.5585,0.0,29304.36,25605.97,24406.16,82.91,TQQQ_30,Overextended: RSI 82.9 >= 75,43363.32,43.36,17.17,53.79
2026-05-12,TQQQ_30,142205.03,96460.46,611.5585,0.0,29049.41,25687.44,24437.63,77.02,TQQQ_30,Overextended: RSI 77.0 >= 75,42205.03,42.21,16.15,49.72
2026-05-13,TQQQ_30,143933.37,96543.71,611.5585,0.0,29398.12,25781.31,24470.01,79.31,TQQQ_30,Overextended: RSI 79.3 >= 75,43933.37,43.93,17.55,55.11
2026-05-14,TQQQ_30,145067.91,96650.83,611.5585,0.0,29609.08,25870.99,24502.97,80.48,TQQQ_30,Overextended: RSI 80.5 >= 75,45067.91,45.07,18.39,58.47
2026-05-15,TQQQ_30,142969.95,96662.75,611.5585,0.0,29178.74,25953.58,24533.86,71.99,TQQQ_30,"Trim lock active: RSI 72.0 below 75 but hasn't reset (need cross above 60 from below) — staying at 30%",42969.95,42.97,16.67,51.56
2026-05-18,TQQQ_30,141983.49,96686.58,611.5585,0.0,28973.5,26039.12,24563.75,68.17,TQQQ_30,Trim lock active: RSI 68.2 below 75 but hasn't reset (need cross above 60 from below) — staying at 30%,41983.49,41.98,15.85,48.26
2026-05-19,TQQQ_30,141335.1,96734.26,611.5585,0.0,28818.87,26116.57,24593.64,65.28,TQQQ_30,Trim lock active: RSI 65.3 below 75 but hasn't reset (need cross above 60 from below) — staying at 30%,41335.1,41.34,15.23,45.98
2026-05-20,TQQQ_30,143370.31,96793.89,611.5585,0.0,29253.62,26202.51,24626.34,69.2,TQQQ_30,Trim lock active: RSI 69.2 below 75 but hasn't reset (need cross above 60 from below) — staying at 30%,43370.31,43.37,16.97,52.45
2026-05-21,TQQQ_30,143869.88,96865.49,611.5585,0.0,29347.59,26291.05,24659.45,69.96,TQQQ_30,Trim lock active: RSI 70.0 below 75 but hasn't reset (need cross above 60 from below) — staying at 30%,43869.88,43.87,17.35,53.85
2026-05-22,TQQQ_30,144452.18,96937.15,611.5585,0.0,29460.05,26389.77,24693.67,70.92,TQQQ_30,Trim lock active: RSI 70.9 below 75 but hasn't reset (need cross above 60 from below) — staying at 30%,44452.18,44.45,17.8,55.52
2026-05-26,TQQQ_30,147247.26,97056.66,611.5585,0.0,30020.98,26503.0,24728.18,75.17,TQQQ_30,Overextended: RSI 75.2 >= 75 — trim locked until RSI resets below 60,47247.26,47.25,20.04,64.27
2026-05-27,TQQQ_30,147134.26,97188.28,611.5585,0.0,29973.57,26608.98,24762.72,74.46,TQQQ_30,"Trim lock active: RSI 74.5 below 75 but hasn't reset (need cross above 60 from below) — staying at 30%",47134.26,47.13,19.85,63.47
2026-05-28,TQQQ_30,148375.48,97200.27,611.5585,0.0,30223.89,26717.85,24798.16,76.25,TQQQ_30,"Overextended: RSI 76.3 >= 75 — trim locked until RSI resets below 60",48375.48,48.38,20.85,67.5
2026-05-29,TQQQ_30,148925.63,97212.25,611.5585,0.0,30333.18,26836.01,24834.13,77.02,TQQQ_30,"Overextended: RSI 77.0 >= 75 — trim locked until RSI resets below 60",48925.63,48.93,21.29,69.26
2026-06-01,TQQQ_30,149833.06,97248.21,611.5585,0.0,30509.98,26959.1,24870.2,78.23,TQQQ_30,Overextended: RSI 78.2 >= 75 — trim locked until RSI resets below 60,49833.06,49.83,21.99,72.11
2026-06-02,TQQQ_30,150602.66,97296.16,611.5585,0.0,30652.25,27094.26,24906.18,79.18,TQQQ_30,Overextended: RSI 79.2 >= 75 — trim locked until RSI resets below 60,50602.66,50.6,22.56,74.47
2026-06-03,TQQQ_30,150469.2,97356.14,611.5585,0.0,30610.88,27222.87,24941.77,77.95,TQQQ_30,Overextended: RSI 78.0 >= 75 — trim locked until RSI resets below 60,50469.2,50.47,22.4,73.84
2026-06-04,TQQQ_30,149784.17,97428.16,611.5585,0.0,30472.08,27351.47,24977.31,74.41,TQQQ_30,Trim lock active: RSI 74.4 below 75 but hasn't reset (need cross above 60 from below) — staying at 30%,49784.17,49.78,21.84,71.36
2026-06-05,TQQQ_30,142969.32,97512.24,611.5585,0.0,29126.25,27449.45,25006.51,50.17,TQQQ_30,Trim lock active: RSI 50.2 below 75 but hasn't reset (need cross above 60 from below) — staying at 30%,42969.32,42.97,16.46,48.78
2026-06-08,TQQQ_30,144233.21,97632.46,611.5585,0.0,29395.41,27562.25,25036.22,53.33,TQQQ_30,Trim lock active: RSI 53.3 below 75 but hasn't reset (need cross above 60 from below) — staying at 30%,44233.21,44.23,17.54,52.52
2026-06-09,TQQQ_30,142035.58,97764.87,611.5585,0.0,28907.68,27678.12,25064.16,47.67,TQQQ_30,Trim lock active: RSI 47.7 below 75 but hasn't reset (need cross above 60 from below) — staying at 30%,42035.58,42.04,15.59,44.9
2026-06-10,TQQQ_30,140139.58,97776.92,611.5585,0.0,28508.02,27792.75,25091.46,43.49,TQQQ_30,Trim lock active: RSI 43.5 below 75 but hasn't reset (need cross above 60 from below) — staying at 30%,40139.58,40.14,13.99,38.65
